{
  "1457464847267528838": {
    "user_id": 752319702105325699,
    "moderator_id": 679270350768308224,
    "action": "approved",
    "reason": null,
    "timestamp": "2026-01-06T00:30:37.412944"
  },
  "1457891352225517774": {
    "user_id": 327248242654052362,
    "moderator_id": 746100276183826562,
    "action": "denied",
    "reason": "- Lore causa confusão, citando dois nomes diferentes para, aparentemente, o mesmo personagem. \n- Por mais que seja possível ter pais de duas raças diferentes, não é permitido ser a mistura delas.",
    "timestamp": "2026-01-06T00:39:14.603686"
  },
  "1457940915833405574": {
    "user_id": 1357879861066076381,
    "moderator_id": 746100276183826562,
    "action": "denied",
    "reason": "- Chegada irregular, faltando recebimento da carta da Guilda e citação do barco que leva até o continente de Veldan.",
    "timestamp": "2026-01-06T00:40:19.018692"
  },
  "1457962901372666009": {
    "user_id": 421449472644481035,
    "moderator_id": 746100276183826562,
    "action": "approved",
    "reason": null,
    "timestamp": "2026-01-06T10:21:36.418123"
  },
  "1458051162086572075": {
    "user_id": 822148647906050048,
    "moderator_id": 746100276183826562,
    "action": "denied",
    "reason": "- Lore e Skin feitas por Inteligência Artificial.\n- Cita muito sobre sua estadia em Veldan, sendo recomendado que escreva APENAS até o momento em que chega.\n- Chegada irregular, sem o momento do recebimento da carta da Guilda e menção ao barco que leva até Veldan.",
    "timestamp": "2026-01-06T10:24:32.634772"
  },
  "1457946818426966046": {
    "user_id": 1129156024515960893,
    "moderator_id": 1140457532603777074,
    "action": "denied",
    "reason": "Lore menciona magia.\nNão houve menção do barco da guilda para Veldan.\nSkin não condiz com a raça, tente achar outra que seja mais parecida com uma elfo.",
    "timestamp": "2026-01-06T16:16:03.543107"
  },
  "1458142068458393685": {
    "user_id": 1357879861066076381,
    "moderator_id": 1140457532603777074,
    "action": "denied",
    "reason": "Nome relacionado a cultura pop.",
    "timestamp": "2026-01-06T19:39:04.353314"
  },
  "1458142654436217045": {
    "user_id": 1206804217503944725,
    "moderator_id": 1140457532603777074,
    "action": "denied",
    "reason": "Nome do personagem tem referencia a cultura pop.",
    "timestamp": "2026-01-06T19:49:15.475632"
  },
  "1458162718421815358": {
    "user_id": 991750998496387122,
    "moderator_id": 1140457532603777074,
    "action": "denied",
    "reason": "Lore menciona magia e acontecimentos sobrenaturais.\nA embarcação precisa ser da guilda, não pode pegar um barco e ir sozinho.",
    "timestamp": "2026-01-06T20:00:38.317815"
  },
  "1458164112973496471": {
    "user_id": 809130018444804126,
    "moderator_id": 1140457532603777074,
    "action": "denied",
    "reason": "Lore menciona magia. \nNão houve menção do barco da guilda para Veldan.\nNão houve menção da carta da Guilda para Veldan (recebida oficialmente ou roubada)",
    "timestamp": "2026-01-06T20:05:45.075074"
  },
  "1458173255386005788": {
    "user_id": 1417589913267732692,
    "moderator_id": 1140457532603777074,
    "action": "denied",
    "reason": "Lore raza, adicione mais coisas, como objetivo, local de nascimento, etc.\nNa chegada, os personagens devem vir pelos barcos da Guilda.\nO personagem deve receber ou roubar uma carta da Guilda para Veldan.",
    "timestamp": "2026-01-06T20:33:15.216989"
  },
  "1458233056371671246": {
    "user_id": 1357879861066076381,
    "moderator_id": 746100276183826562,
    "action": "approved",
    "reason": null,
    "timestamp": "2026-01-07T08:16:22.442447"
  },
  "1458238641091510573": {
    "user_id": 889606784459874304,
    "moderator_id": 746100276183826562,
    "action": "denied",
    "reason": "- História e skin muito modernas para o cenário do servidor, citando \"avião\" e \"cartão de crédito\".\n- Chegada irregular, faltando o momento do recebimento da carta da Guilda e o barco até o continente.",
    "timestamp": "2026-01-07T08:21:27.527504"
  },
  "1458248358383718624": {
    "user_id": 1082656523576152176,
    "moderator_id": 746100276183826562,
    "action": "denied",
    "reason": "- Idade menor que a mínima para se jogar no servidor.",
    "timestamp": "2026-01-07T08:22:10.660578"
  },
  "1458290968192352387": {
    "user_id": 657651626735042565,
    "moderator_id": 746100276183826562,
    "action": "denied",
    "reason": "- Nome e Skin de seu personagem são referência a mídias famosas. \n- Lore rasa e feita por Inteligência Artificial.\n- Citação de, o que se dá para entender, entidades na lore.\n- Chegada irregular, faltando o momento do recebimento da carta da Guilda e o barco até o continente.",
    "timestamp": "2026-01-07T08:29:22.013166"
  },
  "1458322933452636234": {
    "user_id": 1417589913267732692,
    "moderator_id": 746100276183826562,
    "action": "approved",
    "reason": null,
    "timestamp": "2026-01-07T08:31:42.888508"
  },
  "1458436456744878112": {
    "user_id": 197784389709463552,
    "moderator_id": 746100276183826562,
    "action": "denied",
    "reason": "- Chegada irregular, faltando o momento do recebimento da carta da Guilda e o barco até o continente.",
    "timestamp": "2026-01-07T09:50:40.239641"
  },
  "1458264332109484212": {
    "user_id": 570231865802489867,
    "moderator_id": 746100276183826562,
    "action": "approved",
    "reason": null,
    "timestamp": "2026-01-07T18:14:06.127383"
  },
  "1458534576636039190": {
    "user_id": 844716749063454741,
    "moderator_id": 746100276183826562,
    "action": "denied",
    "reason": "- Lore rasa e criada por Inteligência Artificial.\n- Chegada irregular, faltando o momento do recebimento da carta da Guilda e o barco até o continente.",
    "timestamp": "2026-01-07T18:20:06.403900"
  },
  "1458545116313682004": {
    "user_id": 1364263497944404191,
    "moderator_id": 746100276183826562,
    "action": "denied",
    "reason": "- Lore rasa.\n- Chegada irregular, faltando o momento do recebimento da carta da Guilda e o barco até o continente.",
    "timestamp": "2026-01-07T18:22:01.752255"
  },
  "1458557349181653122": {
    "user_id": 1458244630796697743,
    "moderator_id": 746100276183826562,
    "action": "denied",
    "reason": "- Lore reinventa origem de uma raça, além de ser rasa na parte de sua personagem.\n- Chegada irregular, faltando o momento do recebimento da carta da Guilda.",
    "timestamp": "2026-01-07T18:24:51.974553"
  },
  "1458557762500821064": {
    "user_id": 657651626735042565,
    "moderator_id": 746100276183826562,
    "action": "denied",
    "reason": "- Lore rasa.\n- Skin com referência de mídia.\n- Chegada irregular, faltando o momento do recebimento da carta da Guilda e o barco até o continente.",
    "timestamp": "2026-01-07T18:26:06.937579"
  },
  "1458563161107075263": {
    "user_id": 1262876297789706241,
    "moderator_id": 746100276183826562,
    "action": "denied",
    "reason": "- Reinventa a origem de uma raça.\n- Lore cita como se seu personagem tivesse grande poder e até cita fatos com um teor meio racista.\n- Chegada irregular, faltando o momento do recebimento da carta da Guilda e o barco até o continente.\n- Arquivo de skin corrompido, peço que mande em .png",
    "timestamp": "2026-01-08T10:29:12.888141"
  },
  "1458592820213448885": {
    "user_id": 652901649454465087,
    "moderator_id": 746100276183826562,
    "action": "denied",
    "reason": "- Skin e nome com referência a mídia famosa.\n- Citação de poderes em sua lore que seu personagem não pode ter.\n- Chegada irregular, faltando o momento do recebimento da carta da Guilda e o barco até o continente.\n- Lore criada por Inteligência Artificial.",
    "timestamp": "2026-01-08T10:33:41.631009"
  },
  "1458595024672653452": {
    "user_id": 197784389709463552,
    "moderator_id": 746100276183826562,
    "action": "approved",
    "reason": null,
    "timestamp": "2026-01-08T10:44:15.538327"
  },
  "1458596737240531181": {
    "user_id": 1458244630796697743,
    "moderator_id": 746100276183826562,
    "action": "denied",
    "reason": "- Lore reinventa origem de uma raça e feita por Inteligência Artificial.",
    "timestamp": "2026-01-08T10:45:10.266053"
  },
  "1458603002947440763": {
    "user_id": 1377414933708537996,
    "moderator_id": 1140457532603777074,
    "action": "denied",
    "reason": "Lore raza, tente adicionar mais História, como objetivo, local de nascimento, ETC.\nNão houve menção do recebimento da carta da Guilda (recebida oficialmente ou roubada)\nNão houve menção do barco da guilda para Veldan \nSkin não condiz com a raça.",
    "timestamp": "2026-01-08T10:55:59.232931"
  },
  "1458635060717682750": {
    "user_id": 809130018444804126,
    "moderator_id": 746100276183826562,
    "action": "denied",
    "reason": "- Lore feita por Inteligência Artificial.\n- Idade menor que a recomendada pelo servidor. Abra um ticket com autorização de um responsável.",
    "timestamp": "2026-01-08T10:56:49.406691"
  },
  "1458819629597200553": {
    "user_id": 901888936639623178,
    "moderator_id": 1140457532603777074,
    "action": "denied",
    "reason": "A pessoa não chega do nada em Veldan, deve ter uma carta da Guilda (roubada ou recebida) e deve ir de embarcação da guilda para Veldan.\nSkin moderna, tente achar outra mais antiga.",
    "timestamp": "2026-01-08T11:06:07.394331"
  },
  "1458824732009828444": {
    "user_id": 1262876297789706241,
    "moderator_id": 746100276183826562,
    "action": "denied",
    "reason": "- Lore rasa e feita por Inteligência Artificial.\n- Skin não condizente com a raça.",
    "timestamp": "2026-01-08T11:11:11.480165"
  },
  "1458837835049341146": {
    "user_id": 1458244630796697743,
    "moderator_id": 746100276183826562,
    "action": "denied",
    "reason": "- Citação de maldições em sua Lore, algo que não é permitido.",
    "timestamp": "2026-01-08T19:18:49.909854"
  },
  "1458868109581619230": {
    "user_id": 1262876297789706241,
    "moderator_id": 746100276183826562,
    "action": "denied",
    "reason": "- Lore rasa e criada por Inteligência Artificial.",
    "timestamp": "2026-01-08T19:25:01.241989"
  },
  "1458872860629143706": {
    "user_id": 844716749063454741,
    "moderator_id": 746100276183826562,
    "action": "denied",
    "reason": "- Lore feita por Inteligência Artificial.\n- Skin não condizente com a raça.\n- Cita muito sobre após a chegada em Veldan, sendo recomendável que você escreva APENAS até antes disso.",
    "timestamp": "2026-01-08T19:39:08.304692"
  },
  "1458873170135089153": {
    "user_id": 1071274634537873478,
    "moderator_id": 746100276183826562,
    "action": "denied",
    "reason": "- Skin não condizente com a raça.\n- Lore rasa e feita por Inteligência Artificial.\n- Lore cita como se seu personagem tivesse um grande poder, o que não é verdade.",
    "timestamp": "2026-01-08T19:47:20.018410"
  },
  "1458890032109715592": {
    "user_id": 1311288792585343027,
    "moderator_id": 746100276183826562,
    "action": "denied",
    "reason": "- Lore rasa.\n- Nome do seu personagem e citações de nomes na lore que tem referência a mídias famosas. \n- Chegada irregular, faltando o recebimento da carta da Guilda e ida ao barco.\n- Idade menor que a recomendada pelo servidor. Abra um ticket com autorização de um responsável.",
    "timestamp": "2026-01-08T19:49:40.981157"
  },
  "1458894421222363299": {
    "user_id": 1364263497944404191,
    "moderator_id": 746100276183826562,
    "action": "denied",
    "reason": "- Lore rasa e feita por Inteligência Artificial.\n- Chegada irregular, faltando o recebimento da carta da Guilda e ida ao barco.",
    "timestamp": "2026-01-08T19:58:08.159623"
  },
  "1458540608221220967": {
    "user_id": 905809162737430548,
    "moderator_id": 746100276183826562,
    "action": "approved",
    "reason": null,
    "timestamp": "2026-01-08T19:58:57.018166"
  },
  "1458908903667536014": {
    "user_id": 1073366522136903751,
    "moderator_id": 746100276183826562,
    "action": "approved",
    "reason": null,
    "timestamp": "2026-01-08T20:55:49.953729"
  },
  "1458909266466439189": {
    "user_id": 812007490148892724,
    "moderator_id": 746100276183826562,
    "action": "denied",
    "reason": "- Faltando skin 64x \n- Nome com referência a personagem de mídia.\n- Chegada irregular, faltando a ida pelo barco da Guilda.",
    "timestamp": "2026-01-08T20:58:18.377787"
  },
  "1458924832757387380": {
    "user_id": 1024024085157658695,
    "moderator_id": 746100276183826562,
    "action": "denied",
    "reason": "- Lore feita por Inteligência Artificial.\n- Chegada irregular, faltando o recebimento da carta da Guilda e ida ao barco.",
    "timestamp": "2026-01-08T20:59:46.516511"
  },
  "1458940834933244088": {
    "user_id": 1098742840189788170,
    "moderator_id": 746100276183826562,
    "action": "denied",
    "reason": "- Lore rasa.\n- Skin de mídia famosa.",
    "timestamp": "2026-01-08T21:00:46.692149"
  },
  "1458944485894389992": {
    "user_id": 1382511062661992621,
    "moderator_id": 746100276183826562,
    "action": "denied",
    "reason": "- Lore feita por Inteligência Artificial.",
    "timestamp": "2026-01-08T21:02:31.439052"
  },
  "1458953663371284634": {
    "user_id": 1262876297789706241,
    "moderator_id": 746100276183826562,
    "action": "denied",
    "reason": "- História rasa e feita por Inteligência Artificial.\n- Chegada irregular, faltando o momento em que seu personagem pego o barco até Veldan.",
    "timestamp": "2026-01-09T09:13:27.399844"
  },
  "1458959384343482440": {
    "user_id": 1311288792585343027,
    "moderator_id": 746100276183826562,
    "action": "denied",
    "reason": "- Lore confusa sobre o nome de seu personagem.",
    "timestamp": "2026-01-09T09:16:32.356006"
  },
  "1458976922053906533": {
    "user_id": 1098742840189788170,
    "moderator_id": 746100276183826562,
    "action": "denied",
    "reason": "- Lore rasa e feita por Inteligência Artificial.\n- Skin de mídia famosa.",
    "timestamp": "2026-01-09T09:18:36.070866"
  },
  "1458990466031685728": {
    "user_id": 889606784459874304,
    "moderator_id": 746100276183826562,
    "action": "approved",
    "reason": null,
    "timestamp": "2026-01-09T09:21:56.842496"
  },
  "1459035485858041927": {
    "user_id": 1023627343744483330,
    "moderator_id": 746100276183826562,
    "action": "denied",
    "reason": "- Lore criada por Inteligência Artificial.\n- Lore cita como se seu personagem tivesse grande poder, o que não é verdade.\n- Chegada irregular, faltando o recebimento da carta da Guilda e o momento em que seu personagem parte no barco até Veldan.\n- Faltando skin 64x.\n- Idade menor que a recomendada pelo servidor. Abra um ticket e envia a autorização de um responsável.",
    "timestamp": "2026-01-09T09:24:33.009355"
  },
  "1459037137461706847": {
    "user_id": 1079166737431416882,
    "moderator_id": 746100276183826562,
    "action": "denied",
    "reason": "- Chegada irregular, faltando o recebimento da carta da Guilda e o momento em que seu personagem parte no barco até Veldan.",
    "timestamp": "2026-01-09T09:26:37.459780"
  },
  "1459069832518701160": {
    "user_id": 542875267920822273,
    "moderator_id": 746100276183826562,
    "action": "denied",
    "reason": "- Chegada irregular, faltando o recebimento da carta da Guilda e o momento em que seu personagem parte no barco até Veldan.\n- Skin muito moderna.",
    "timestamp": "2026-01-09T09:27:53.745899"
  },
  "1459159618457571380": {
    "user_id": 1382511062661992621,
    "moderator_id": 746100276183826562,
    "action": "approved",
    "reason": null,
    "timestamp": "2026-01-09T09:28:41.987698"
  },
  "1458235309341802497": {
    "user_id": 1425439272231764029,
    "moderator_id": 746100276183826562,
    "action": "approved",
    "reason": null,
    "timestamp": "2026-01-09T09:30:11.853631"
  },
  "1458856109300383866": {
    "user_id": 809130018444804126,
    "moderator_id": 746100276183826562,
    "action": "approved",
    "reason": null,
    "timestamp": "2026-01-09T13:14:25.811791"
  },
  "1459180233675505696": {
    "user_id": 1385739448947441704,
    "moderator_id": 697859604935213157,
    "action": "approved",
    "reason": null,
    "timestamp": "2026-01-09T17:38:52.703918"
  },
  "1459204842068250806": {
    "user_id": 1098742840189788170,
    "moderator_id": 746100276183826562,
    "action": "denied",
    "reason": "- Lore rasa e feita por Inteligência Artificial.",
    "timestamp": "2026-01-09T18:44:15.392435"
  },
  "1459206235810173140": {
    "user_id": 1078136179955863552,
    "moderator_id": 746100276183826562,
    "action": "approved",
    "reason": null,
    "timestamp": "2026-01-09T19:05:42.425790"
  },
  "1459215592740487342": {
    "user_id": 1079166737431416882,
    "moderator_id": 746100276183826562,
    "action": "approved",
    "reason": null,
    "timestamp": "2026-01-09T19:06:43.465558"
  },
  "1459255015645642755": {
    "user_id": 1403955588295168121,
    "moderator_id": 746100276183826562,
    "action": "denied",
    "reason": "- Nome e skin com referência a personagem de Demon Slayer.\n- Skin não condizente com a raça.\n- Chegada irregular, faltando o momento do recebimento da carta da Guilda e ida de barco até o continente.",
    "timestamp": "2026-01-09T19:11:31.000664"
  },
  "1459256084815548650": {
    "user_id": 1329596329730773015,
    "moderator_id": 746100276183826562,
    "action": "denied",
    "reason": "- Skin não condizente com a raça, mesmo que esteja em estágios iniciais.",
    "timestamp": "2026-01-09T19:13:54.932481"
  },
  "1459261602900476118": {
    "user_id": 1234711458265169930,
    "moderator_id": 746100276183826562,
    "action": "denied",
    "reason": "- Lore rasa e chegada irregular, faltando o momento do recebimento da carta da Guilda e ida de barco até o continente.",
    "timestamp": "2026-01-09T19:16:37.458294"
  },
  "1459262403413020878": {
    "user_id": 1329560133503811654,
    "moderator_id": 746100276183826562,
    "action": "denied",
    "reason": "- Lore feita por Inteligência Artificial.",
    "timestamp": "2026-01-09T19:18:54.119952"
  },
  "1459267465694412822": {
    "user_id": 438813295588409376,
    "moderator_id": 746100276183826562,
    "action": "denied",
    "reason": "- Chegada irregular, faltando o momento do recebimento da carta da Guilda e ida de barco até o continente.",
    "timestamp": "2026-01-09T19:32:06.967069"
  },
  "1459278088012824834": {
    "user_id": 901888936639623178,
    "moderator_id": 746100276183826562,
    "action": "denied",
    "reason": "- Lore rasa e chegada irregular, sendo necessário receber a carta da Guilda em mãos e embarcar no barco da própria Guilda.",
    "timestamp": "2026-01-09T19:47:58.716484"
  },
  "1459288648204947498": {
    "user_id": 1311288792585343027,
    "moderator_id": 746100276183826562,
    "action": "approved",
    "reason": null,
    "timestamp": "2026-01-09T19:55:02.832858"
  },
  "1459293877675626731": {
    "user_id": 582899419876425768,
    "moderator_id": 746100276183826562,
    "action": "approved",
    "reason": null,
    "timestamp": "2026-01-09T19:59:47.440232"
  },
  "1459299627324149996": {
    "user_id": 1037424407951454210,
    "moderator_id": 746100276183826562,
    "action": "denied",
    "reason": "- Chegada irregular, faltando o momento do recebimento da carta da Guilda e ida de barco até o continente.",
    "timestamp": "2026-01-09T20:01:55.387072"
  },
  "1459311923764920351": {
    "user_id": 1098742840189788170,
    "moderator_id": 746100276183826562,
    "action": "approved",
    "reason": null,
    "timestamp": "2026-01-09T20:03:15.347718"
  },
  "1459327011808874797": {
    "user_id": 1329596329730773015,
    "moderator_id": 1374911596815585392,
    "action": "approved",
    "reason": null,
    "timestamp": "2026-01-09T20:38:54.985993"
  },
  "1459325924989337857": {
    "user_id": 797925493743157268,
    "moderator_id": 746100276183826562,
    "action": "approved",
    "reason": null,
    "timestamp": "2026-01-09T22:15:47.604847"
  },
  "1459333205764214879": {
    "user_id": 1037424407951454210,
    "moderator_id": 746100276183826562,
    "action": "approved",
    "reason": null,
    "timestamp": "2026-01-09T22:16:19.665016"
  },
  "1459334156692750458": {
    "user_id": 1427311946503557264,
    "moderator_id": 746100276183826562,
    "action": "approved",
    "reason": null,
    "timestamp": "2026-01-09T22:17:34.393580"
  },
  "1459338689229492459": {
    "user_id": 380107358845665281,
    "moderator_id": 746100276183826562,
    "action": "denied",
    "reason": "- Lore fora de época.\n- Chegada irregular, faltando o momento do recebimento da carta da Guilda e ida de barco até o continente.",
    "timestamp": "2026-01-09T22:18:28.384476"
  },
  "1459340485977178338": {
    "user_id": 1429851364783034499,
    "moderator_id": 746100276183826562,
    "action": "denied",
    "reason": "- Skin não condizente com a raça.\n- Chegada irregular, faltando o momento do recebimento da carta da Guilda e ida de barco até o continente.",
    "timestamp": "2026-01-09T22:20:08.842252"
  },
  "1459251741320024247": {
    "user_id": 1326683692504186931,
    "moderator_id": 746100276183826562,
    "action": "approved",
    "reason": null,
    "timestamp": "2026-01-09T22:34:21.135600"
  },
  "1459374760290156720": {
    "user_id": 1307794540199149689,
    "moderator_id": 746100276183826562,
    "action": "denied",
    "reason": "- Chegada irregular, faltando o momento do recebimento da carta da Guilda e ida de barco até o continente. \n- Idade menor que a recomendada pelo servidor. Abra um ticket e envie a autorização de um responsável.",
    "timestamp": "2026-01-10T11:41:49.970945"
  },
  "1459402763002843338": {
    "user_id": 764999852404113428,
    "moderator_id": 746100276183826562,
    "action": "approved",
    "reason": null,
    "timestamp": "2026-01-10T11:43:35.381250"
  },
  "1459430140542062691": {
    "user_id": 1233618779951468645,
    "moderator_id": 746100276183826562,
    "action": "approved",
    "reason": null,
    "timestamp": "2026-01-10T11:44:38.679914"
  },
  "1459558185076789444": {
    "user_id": 438813295588409376,
    "moderator_id": 746100276183826562,
    "action": "approved",
    "reason": null,
    "timestamp": "2026-01-10T11:47:31.905797"
  },
  "1459433778526158923": {
    "user_id": 745421880160419982,
    "moderator_id": 746100276183826562,
    "action": "denied",
    "reason": "- Chegada irregular, faltando o momento do recebimento da carta da Guilda e ida de barco até o continente.\n- Como sua data de aniversário ainda está longe, sua idade ainda é considerada menor que a recomendada pelo servidor. Peço que abra um ticket e envie a autorização de um responsável.",
    "timestamp": "2026-01-10T11:50:25.926079"
  },
  "1459579265845690605": {
    "user_id": 1307794540199149689,
    "moderator_id": 746100276183826562,
    "action": "denied",
    "reason": "- Lore rasa.\n- Não adianta mentir a idade, sei que tem 15. Idade menor que a recomendada pelo servidor, abra um ticket com autorização.",
    "timestamp": "2026-01-10T13:17:01.685778"
  },
  "1459592244846788628": {
    "user_id": 812007490148892724,
    "moderator_id": 746100276183826562,
    "action": "approved",
    "reason": null,
    "timestamp": "2026-01-10T17:38:59.424145"
  },
  "1459614795266392115": {
    "user_id": 1055478470328729631,
    "moderator_id": 746100276183826562,
    "action": "denied",
    "reason": "- Faltando a skin 64x.\n- Arquivo de Lore corrompido. Envie novamente.",
    "timestamp": "2026-01-10T17:42:44.496401"
  },
  "1459617405813788846": {
    "user_id": 1377414933708537996,
    "moderator_id": 746100276183826562,
    "action": "denied",
    "reason": "- Faltando skin 64x.\n- Formato inválido do arquivo de lore.",
    "timestamp": "2026-01-10T17:43:49.304588"
  },
  "1459643262817271920": {
    "user_id": 1375972180273139732,
    "moderator_id": 746100276183826562,
    "action": "denied",
    "reason": "- Lore cita como se seu personagem tivesse a alma de um deus aprisionada, o que não se pode acontecer. \n- Chegada irregular, faltando o momento do recebimento da carta da Guilda e ida de barco até o continente.",
    "timestamp": "2026-01-10T17:48:16.886077"
  },
  "1459647600838967436": {
    "user_id": 1425266521349030021,
    "moderator_id": 746100276183826562,
    "action": "denied",
    "reason": "- Lore rasa.\n- Chegada irregular, faltando o momento do recebimento da carta da Guilda e ida de barco até o continente.\n- Idade menor que a recomendada pelo servidor. Abra um ticket e envie a autorização de um responsável.",
    "timestamp": "2026-01-10T17:49:21.971925"
  },
  "1459383548288041074": {
    "user_id": 1029940641251205120,
    "moderator_id": 746100276183826562,
    "action": "approved",
    "reason": null,
    "timestamp": "2026-01-10T17:52:16.270096"
  },
  "1459662898581213265": {
    "user_id": 1377414933708537996,
    "moderator_id": 1374911596815585392,
    "action": "approved",
    "reason": null,
    "timestamp": "2026-01-10T22:44:35.339402"
  },
  "1459666259313692842": {
    "user_id": 1334953131930419301,
    "moderator_id": 1374911596815585392,
    "action": "denied",
    "reason": "- Lore rasa, tente escrever mais sobre seu personagem\n- Chegada irregular. Seu personagem precisa chegar pela embarcação da guilda.\n- Chegada irregular. Seu personagem precisa receber a carta da Guilda do Gato Preto.\n- Skin irregular. Seu personagem possui roupas muito modernas, tente colocar roupas de acordo com o tema medieval.",
    "timestamp": "2026-01-10T22:48:35.112111"
  },
  "1459670840122540193": {
    "user_id": 1396587458635894794,
    "moderator_id": 1374911596815585392,
    "action": "denied",
    "reason": "- Chegada incompatível. Seu personagem precisa receber a carta da guilda.\n- Chegada incompatível. Seu personagem precisa chegar pela embarcação da guilda do Gato preto",
    "timestamp": "2026-01-10T22:53:59.037030"
  },
  "1459674388168183998": {
    "user_id": 1371590981333286913,
    "moderator_id": 1374911596815585392,
    "action": "denied",
    "reason": "- idade incompatível com a do servidor. A idade mínima é de 14 anos.",
    "timestamp": "2026-01-10T22:58:11.281316"
  },
  "1459691753211695165": {
    "user_id": 494637954799763467,
    "moderator_id": 1374911596815585392,
    "action": "denied",
    "reason": "- Chegada irregular. Seu personagem precisa chegar no continente através do navio da guilda.",
    "timestamp": "2026-01-10T23:04:43.737300"
  },
  "1459738457143513088": {
    "user_id": 917973938951299123,
    "moderator_id": 1374911596815585392,
    "action": "approved",
    "reason": null,
    "timestamp": "2026-01-11T12:14:40.847797"
  },
  "1459746999116238879": {
    "user_id": 585603327157338134,
    "moderator_id": 1374911596815585392,
    "action": "denied",
    "reason": "Você precisa receber a carta da guilda. OBS: amei o sobrenome e a história kkkk",
    "timestamp": "2026-01-11T12:18:00.477246"
  },
  "1459932970679930911": {
    "user_id": 1375972180273139732,
    "moderator_id": 746100276183826562,
    "action": "approved",
    "reason": null,
    "timestamp": "2026-01-11T13:16:32.485200"
  },
  "1459958617511034975": {
    "user_id": 456580548249255958,
    "moderator_id": 746100276183826562,
    "action": "denied",
    "reason": "- Chegada irregular, faltando o momento do recebimento da carta da Guilda e ida de barco até o continente.",
    "timestamp": "2026-01-11T15:40:33.553966"
  },
  "1459966273696960663": {
    "user_id": 1403515645508976804,
    "moderator_id": 746100276183826562,
    "action": "denied",
    "reason": "- Skin não condizente com a raça. \n- Lore cita como se seu personagem tivesse grandes poderes, o que não é verdade.\n- Chegada irregular, faltando o momento do recebimento da carta da Guilda e ida de barco até o continente.\n- Lore feita por Inteligência Artificial.",
    "timestamp": "2026-01-11T15:41:55.166607"
  },
  "1459976038888247356": {
    "user_id": 1167256176153604116,
    "moderator_id": 746100276183826562,
    "action": "approved",
    "reason": null,
    "timestamp": "2026-01-11T15:42:32.708251"
  },
  "1460040598508798073": {
    "user_id": 964953583638441994,
    "moderator_id": 888256841723822131,
    "action": "approved",
    "reason": null,
    "timestamp": "2026-01-11T19:45:30.577783"
  },
  "1460043329332056155": {
    "user_id": 355453376244350988,
    "moderator_id": 888256841723822131,
    "action": "denied",
    "reason": "- Lore sem chegada\n - Não enviou a skin 64",
    "timestamp": "2026-01-11T20:01:53.356878"
  },
  "1459760355742978219": {
    "user_id": 736998900661223476,
    "moderator_id": 1374911596815585392,
    "action": "approved",
    "reason": null,
    "timestamp": "2026-01-12T16:29:09.719484"
  },
  "1460077281308573699": {
    "user_id": 1119365459326795887,
    "moderator_id": 746100276183826562,
    "action": "approved",
    "reason": null,
    "timestamp": "2026-01-12T23:56:58.876089"
  }
}