{
  "1459670840122540193": {
    "user_id": 1396587458635894794,
    "message_id": 1459670840122540193,
    "channel_id": 1413115396218683473,
    "form_data": {
      "📝 Qual é o seu nome completo?": "Lucca Silva Alves",
      "🎂 Quantos anos você tem na vida real?": "16 anos",
      "🎮 Qual seu nickname no minecraft?": "kayzkz",
      "👤 Como será o nome do seu personagem?": "Noah Vahl",
      "🎭 Qual será a idade do seu personagem?": "21 anos",
      "🧬 Qual será a raça do personagem?": "Elfo",
      "📖 Envie um arquivo com a história do seu personagem": "[Um_Coracao_Belo.pdf](https://cdn.discordapp.com/attachments/1459598988247306406/1459670131310465219/Um_Coracao_Belo.pdf?ex=69641f3e&is=6962cdbe&hm=84f5043cc9c72571a9bbc5aaa0af87407bfd5491e4f14763eebc6aa7a0820eb3&)",
      "📸 Fotos do seu modelo e skin 64": "**Imagem 1:** [image.png](https://cdn.discordapp.com/attachments/1459598988247306406/1459670836813369517/image.png?ex=69641fe6&is=6962ce66&hm=51664eee93063ecb735f3d0aef87e02fa94c30b1c89b0c3fea4bb1ec89dcdc95&)"
    },
    "timestamp": "2026-01-10T19:10:47.779704",
    "status": "denied",
    "moderator_id": 1374911596815585392,
    "reason": "- Chegada incompatível. Seu personagem precisa receber a carta da guilda.\n- Chegada incompatível. Seu personagem precisa chegar pela embarcação da guilda do Gato preto",
    "processed_at": "2026-01-10T22:53:59.045306"
  },
  "1459674388168183998": {
    "user_id": 1371590981333286913,
    "message_id": 1459674388168183998,
    "channel_id": 1413115396218683473,
    "form_data": {
      "📝 Qual é o seu nome completo?": "Rayllan Davi colanzi ferreira",
      "🎂 Quantos anos você tem na vida real?": "13",
      "🎮 Qual seu nickname no minecraft?": "É no pojav",
      "👤 Como será o nome do seu personagem?": "Jackz",
      "🎭 Qual será a idade do seu personagem?": "11",
      "🧬 Qual será a raça do personagem?": "Tiefling",
      "📖 Envie um arquivo com a história do seu personagem": "[Png](https://cdn.discordapp.com/attachments/1459669767894994994/1459673874504487014/Png?ex=696422bb&is=6962d13b&hm=8c3446fd9497d45f287a129143fa7fcd9511d947d52f911cf8148d28ece42a43&)",
      "📸 Fotos do seu modelo e skin 64": "**Imagem 1:** [14c7e006d27590a545b14076223f26fd.jpg](https://cdn.discordapp.com/attachments/1459669767894994994/1459674385307930777/14c7e006d27590a545b14076223f26fd.jpg?ex=69642334&is=6962d1b4&hm=5e1561f311d8bda440be5c87aff1a0dc0d74eeb6ca1c9195b6d35409b3ef194b&)"
    },
    "timestamp": "2026-01-10T19:24:53.695306",
    "status": "denied",
    "moderator_id": 1374911596815585392,
    "reason": "- idade incompatível com a do servidor. A idade mínima é de 14 anos.",
    "processed_at": "2026-01-10T22:58:11.287294"
  },
  "1459691753211695165": {
    "user_id": 494637954799763467,
    "message_id": 1459691753211695165,
    "channel_id": 1413115396218683473,
    "form_data": {
      "📝 Qual é o seu nome completo?": "Kauã da Silva Gomes",
      "🎂 Quantos anos você tem na vida real?": "21",
      "🎮 Qual seu nickname no minecraft?": "kauawolfbrpudin",
      "👤 Como será o nome do seu personagem?": "Drakogan Suikiri(versão curta e que vai ser usada no dia a dia)\nDarkogan Suikiri Von Ghidoryath Le Skullheart(versão mais formal)\nNome verdadeiro e completo deixado pra trás até recuperar a honra de seu clã.",
      "🎭 Qual será a idade do seu personagem?": "18",
      "🧬 Qual será a raça do personagem?": "Draconato",
      "📖 Envie um arquivo com a história do seu personagem": "[Documento_sem_titulo.docx](https://cdn.discordapp.com/attachments/1459690303337267236/1459691632977776853/Documento_sem_titulo.docx?ex=69643345&is=6962e1c5&hm=afe3aa71b8a7944d7dc38e2c65a4db24c9e6d2e4b05018a41432216543ee10d4&)",
      "📸 Fotos do seu modelo e skin 64": "**Imagem 1:** [V4.png](https://cdn.discordapp.com/attachments/1459690303337267236/1459691749948789019/V4.png?ex=69643360&is=6962e1e0&hm=c7590f3362e8e13a374eb4aac4486a37689c6e0e77a02783f67193c887fefcfb&)"
    },
    "timestamp": "2026-01-10T20:33:54.110879",
    "status": "denied",
    "moderator_id": 1374911596815585392,
    "reason": "- Chegada irregular. Seu personagem precisa chegar no continente através do navio da guilda.",
    "processed_at": "2026-01-10T23:04:43.744924"
  },
  "1459703459598176327": {
    "user_id": 1055478470328729631,
    "message_id": 1459703459598176327,
    "channel_id": 1413115396218683473,
    "form_data": {
      "📝 Qual é o seu nome completo?": "Marcelino da Silva Rosas Junior",
      "🎂 Quantos anos você tem na vida real?": "16",
      "🎮 Qual seu nickname no minecraft?": "Marcelinorjr",
      "👤 Como será o nome do seu personagem?": "William vantakros",
      "🎭 Qual será a idade do seu personagem?": "285",
      "🧬 Qual será a raça do personagem?": "Draconato",
      "📖 Envie um arquivo com a história do seu personagem": "[Lore_Willam.pdf](https://cdn.discordapp.com/attachments/1459291282898686056/1459703358662250680/Lore_Willam.pdf?ex=69643e30&is=6962ecb0&hm=8683e0656c17619fd3196ecd8e6068de4bf89ba86d1ed5580252b5a0f9571621&)",
      "📸 Fotos do seu modelo e skin 64": "**Imagem 1:** [screenshot-1768069426651.png](https://cdn.discordapp.com/attachments/1459291282898686056/1459703454477062175/screenshot-1768069426651.png?ex=69643e47&is=6962ecc7&hm=3e38945277e109acb15a595b32102fd5a4b9056095ed1dc6582f140b4547d95f&)\n**Imagem 2:** [screenshot-1768069461721.png](https://cdn.discordapp.com/attachments/1459291282898686056/1459703454825054250/screenshot-1768069461721.png?ex=69643e47&is=6962ecc7&hm=a8f6d199e61926c410424ab2f4b0c8ad97f2946bc9e965c0fb3c93ececef7304&)\n**Imagem 3:** [screenshot-1768069448140.png](https://cdn.discordapp.com/attachments/1459291282898686056/1459703455235969105/screenshot-1768069448140.png?ex=69643e47&is=6962ecc7&hm=9efae11ef91335f6e3954033e32a3468880d59f259315ab53c1d6458c671534e&)\n**Imagem 4:** [screenshot-1768069440386.png](https://cdn.discordapp.com/attachments/1459291282898686056/1459703455697338491/screenshot-1768069440386.png?ex=69643e47&is=6962ecc7&hm=c86b19490ca74b01827dbf6193981ea8895fba3d34da732bb2a986b552dfbb76&)\n**Imagem 5:** [pmcskin3d-steve_8.png](https://cdn.discordapp.com/attachments/1459291282898686056/1459703456326615173/pmcskin3d-steve_8.png?ex=69643e47&is=6962ecc7&hm=0f331dd2ea41aa190bdf152f678172e16effaab46e2a3e40c8a6da23643c4a68&)"
    },
    "timestamp": "2026-01-10T21:20:24.889571",
    "status": "pending"
  },
  "1459738457143513088": {
    "user_id": 917973938951299123,
    "message_id": 1459738457143513088,
    "channel_id": 1413115396218683473,
    "form_data": {
      "📝 Qual é o seu nome completo?": "Yesser Klingeer Freitas de Sousa",
      "🎂 Quantos anos você tem na vida real?": "19",
      "🎮 Qual seu nickname no minecraft?": "Ykuroty",
      "👤 Como será o nome do seu personagem?": "Ykaro Vesperian",
      "🎭 Qual será a idade do seu personagem?": "18",
      "🧬 Qual será a raça do personagem?": "Humano",
      "📖 Envie um arquivo com a história do seu personagem": "[Historia_de_Ykaro_Vesperian.pdf](https://cdn.discordapp.com/attachments/1459737437348692062/1459738021875421369/Historia_de_Ykaro_Vesperian.pdf?ex=69645e79&is=69630cf9&hm=10f186fa2bbea200a8e35ebba2627b975a9176db90821cbf719392fc2b7ab69e&)",
      "📸 Fotos do seu modelo e skin 64": "**Imagem 1:** [image.png](https://cdn.discordapp.com/attachments/1459737437348692062/1459738452395298867/image.png?ex=69645edf&is=69630d5f&hm=bf286be9fac70964d16fc2697a35a410ea86826bb7d6a8343d1400cb58c2b507&)\n**Imagem 2:** [image.png](https://cdn.discordapp.com/attachments/1459737437348692062/1459738452844216321/image.png?ex=69645edf&is=69630d5f&hm=3947e6e9a485adab038711de2df1ecfc8712ee3e9cc11220b441344fcf760e2c&)\n**Imagem 3:** [image.png](https://cdn.discordapp.com/attachments/1459737437348692062/1459738453301526592/image.png?ex=69645edf&is=69630d5f&hm=a8cdd66ba1be0100a1a47655caa588eea11269416afef9cfb6df223605987879&)\n**Imagem 4:** [image.png](https://cdn.discordapp.com/attachments/1459737437348692062/1459738453934739679/image.png?ex=69645ee0&is=69630d60&hm=c46fdfe60bc2d4e77fd1aba1d1cd9b09caac91ed4c5dae671dff1f9d0605aa16&)"
    },
    "timestamp": "2026-01-10T23:39:28.968981",
    "status": "approved",
    "moderator_id": 1374911596815585392,
    "reason": null,
    "processed_at": "2026-01-11T12:14:40.854341"
  },
  "1459746999116238879": {
    "user_id": 585603327157338134,
    "message_id": 1459746999116238879,
    "channel_id": 1413115396218683473,
    "form_data": {
      "📝 Qual é o seu nome completo?": "Gervásio Rodrigues da Silva",
      "🎂 Quantos anos você tem na vida real?": "20",
      "🎮 Qual seu nickname no minecraft?": "gervasiozz",
      "👤 Como será o nome do seu personagem?": "Silas Sshashis",
      "🎭 Qual será a idade do seu personagem?": "125",
      "🧬 Qual será a raça do personagem?": "Serpentai",
      "📖 Envie um arquivo com a história do seu personagem": "[Uma_Historia_Escamoza.pdf](https://cdn.discordapp.com/attachments/1459727223228600507/1459746672052801556/Uma_Historia_Escamoza.pdf?ex=69646687&is=69631507&hm=e587b0ecd39ba3cd44ea7e275e70c7d41d0942b6e8c271e1eb0f17f74bbd53f5&)",
      "📸 Fotos do seu modelo e skin 64": "**Imagem 1:** [image.png](https://cdn.discordapp.com/attachments/1459727223228600507/1459746996112982238/image.png?ex=696466d4&is=69631554&hm=e4f7571589ea5963b1473a5fdd2313eba14dfb8ac2812e56556714d958b47b61&)\n**Imagem 2:** [kRPwLd2.png](https://cdn.discordapp.com/attachments/1459727223228600507/1459746996511309967/kRPwLd2.png?ex=696466d4&is=69631554&hm=7e658c8264b0fb728a5ba29ddbbec2b73b45c95ab6dde97bf7a9ab799c4a67e3&)"
    },
    "timestamp": "2026-01-11T00:13:25.553215",
    "status": "denied",
    "moderator_id": 1374911596815585392,
    "reason": "Você precisa receber a carta da guilda. OBS: amei o sobrenome e a história kkkk",
    "processed_at": "2026-01-11T12:18:00.483766"
  },
  "1459760355742978219": {
    "user_id": 736998900661223476,
    "message_id": 1459760355742978219,
    "channel_id": 1413115396218683473,
    "form_data": {
      "📝 Qual é o seu nome completo?": "Luiz Otávio Barbosa",
      "🎂 Quantos anos você tem na vida real?": "18",
      "🎮 Qual seu nickname no minecraft?": "FENIX__SOLO",
      "👤 Como será o nome do seu personagem?": "Fênix Drazen Ashborn",
      "🎭 Qual será a idade do seu personagem?": "120",
      "🧬 Qual será a raça do personagem?": "Elfo",
      "📖 Envie um arquivo com a história do seu personagem": "[As_Cinzas_de_um_Passado_A_Odisseia_de_Fenix.pdf](https://cdn.discordapp.com/attachments/1459755504866955518/1459759316109099081/As_Cinzas_de_um_Passado_A_Odisseia_de_Fenix.pdf?ex=6964724d&is=696320cd&hm=8ba5ec358029ba1e9549d55d891e4dd1eab9284145b7dbad3e2e6ae11e169c6f&)",
      "📸 Fotos do seu modelo e skin 64": "**Imagem 1:** [WhatsApp.pdf](https://cdn.discordapp.com/attachments/1459755504866955518/1459760353729843382/WhatsApp.pdf?ex=69647345&is=696321c5&hm=28b456243ac8f0648273481f01c2158eac7a2c9a35de099d66b4c8bab65c4a9d&)"
    },
    "timestamp": "2026-01-11T01:06:29.987959",
    "status": "approved",
    "moderator_id": 1374911596815585392,
    "reason": null,
    "processed_at": "2026-01-12T16:29:09.727591"
  },
  "1459932970679930911": {
    "user_id": 1375972180273139732,
    "message_id": 1459932970679930911,
    "channel_id": 1413115396218683473,
    "form_data": {
      "📝 Qual é o seu nome completo?": "Elias Félix Rodrigues Duarte",
      "🎂 Quantos anos você tem na vida real?": "21",
      "🎮 Qual seu nickname no minecraft?": "KinneanSpikeQz",
      "👤 Como será o nome do seu personagem?": "Fehur",
      "🎭 Qual será a idade do seu personagem?": "25",
      "🧬 Qual será a raça do personagem?": "Tiefling",
      "📖 Envie um arquivo com a história do seu personagem": "[290052e6be37e1f6f939c45abfbc58e9f0bed135.png](https://cdn.discordapp.com/attachments/1459622710836465726/1459932476968534056/290052e6be37e1f6f939c45abfbc58e9f0bed135.png?ex=69651392&is=6963c212&hm=c8c14b66bac63d95066f6f5ad0a17279a841593eab6f66d2ba88c9f3f86ac21d&)",
      "📸 Fotos do seu modelo e skin 64": "**Imagem 1:** [Fehur.docx.pdf](https://cdn.discordapp.com/attachments/1459622710836465726/1459932968742158406/Fehur.docx.pdf?ex=69651407&is=6963c287&hm=2b58318b7e777f70e4f97dac88f5725ea03e9ab709b556a88c0d9b5eaf3be9fa&)"
    },
    "timestamp": "2026-01-11T12:32:24.617147",
    "status": "approved",
    "moderator_id": 746100276183826562,
    "reason": null,
    "processed_at": "2026-01-11T13:16:32.487912"
  },
  "1459958617511034975": {
    "user_id": 456580548249255958,
    "message_id": 1459958617511034975,
    "channel_id": 1413115396218683473,
    "form_data": {
      "📝 Qual é o seu nome completo?": "Lucas Deivison Araújo de Paula",
      "🎂 Quantos anos você tem na vida real?": "17 anos de idade",
      "🎮 Qual seu nickname no minecraft?": "lucasUM",
      "👤 Como será o nome do seu personagem?": "Lamell",
      "🎭 Qual será a idade do seu personagem?": "25 anos de idade",
      "🧬 Qual será a raça do personagem?": "Amanita",
      "📖 Envie um arquivo com a história do seu personagem": "[document2.pdf](https://cdn.discordapp.com/attachments/1459934678919413923/1459958529841696873/document2.pdf?ex=69652bd6&is=6963da56&hm=b5d4854110e547b3680b00f431019475c53014a226ecc819c8a6b5c847943e5f&)",
      "📸 Fotos do seu modelo e skin 64": "**Imagem 1:** [Lamell.png](https://cdn.discordapp.com/attachments/1459934678919413923/1459958614801256569/Lamell.png?ex=69652bea&is=6963da6a&hm=6cfd7a14c98ca0f02e91895c6accd9fdb71cf035aa20eeef5cd84dc7c27a9b4e&)"
    },
    "timestamp": "2026-01-11T14:14:19.325354",
    "status": "denied",
    "moderator_id": 746100276183826562,
    "reason": "- Chegada irregular, faltando o momento do recebimento da carta da Guilda e ida de barco até o continente.",
    "processed_at": "2026-01-11T15:40:33.560568"
  },
  "1459966273696960663": {
    "user_id": 1403515645508976804,
    "message_id": 1459966273696960663,
    "channel_id": 1413115396218683473,
    "form_data": {
      "📝 Qual é o seu nome completo?": "Luiz Henrique Soares Caminhas Almeida",
      "🎂 Quantos anos você tem na vida real?": "17",
      "🎮 Qual seu nickname no minecraft?": "narumi12124",
      "👤 Como será o nome do seu personagem?": "Kael",
      "🎭 Qual será a idade do seu personagem?": "18",
      "🧬 Qual será a raça do personagem?": "Draconato",
      "📖 Envie um arquivo com a história do seu personagem": "[Kael.pdf](https://cdn.discordapp.com/attachments/1459961764878749891/1459965166623133891/Kael.pdf?ex=69653204&is=6963e084&hm=5c447a6f578fdfa2a1bc11b4c60dcddc386be72be28bb9e9b2ba042aac4cde09&)",
      "📸 Fotos do seu modelo e skin 64": "**Imagem 1:** [image.png](https://cdn.discordapp.com/attachments/1459961764878749891/1459966269091614892/image.png?ex=6965330b&is=6963e18b&hm=23d5df4025885afbf67423a80d6edb7c5e4176c99fc48e762a6419a10da8832f&)\n**Imagem 2:** [image.png](https://cdn.discordapp.com/attachments/1459961764878749891/1459966269448257638/image.png?ex=6965330b&is=6963e18b&hm=dba8aba0a37fecc06fe567a7123b76d440cedcb8cb601b9b9959455f3dd11337&)\n**Imagem 3:** [image.png](https://cdn.discordapp.com/attachments/1459961764878749891/1459966269758373898/image.png?ex=6965330b&is=6963e18b&hm=a7a488b5e0b106c25ba185f220419d77950860343fed3b4b68b35fdc5a273590&)\n**Imagem 4:** [image.png](https://cdn.discordapp.com/attachments/1459961764878749891/1459966270123540705/image.png?ex=6965330b&is=6963e18b&hm=2a4bb9d8f85f86f32342ebab75e16d7ce29039880ca8d6885a5abfd0fcd81fd0&)\n**Imagem 5:** [image.png](https://cdn.discordapp.com/attachments/1459961764878749891/1459966270517809449/image.png?ex=6965330b&is=6963e18b&hm=552f629d9faa120852ce546ec0d5535958ecabfd41e9a42fa5e394b60a4c8a98&)"
    },
    "timestamp": "2026-01-11T14:44:44.756532",
    "status": "denied",
    "moderator_id": 746100276183826562,
    "reason": "- Skin não condizente com a raça. \n- Lore cita como se seu personagem tivesse grandes poderes, o que não é verdade.\n- Chegada irregular, faltando o momento do recebimento da carta da Guilda e ida de barco até o continente.\n- Lore feita por Inteligência Artificial.",
    "processed_at": "2026-01-11T15:41:55.172332"
  },
  "1459976038888247356": {
    "user_id": 1167256176153604116,
    "message_id": 1459976038888247356,
    "channel_id": 1413115396218683473,
    "form_data": {
      "📝 Qual é o seu nome completo?": "Gustavo Franco Lopes",
      "🎂 Quantos anos você tem na vida real?": "18",
      "🎮 Qual seu nickname no minecraft?": "Yurialberto_",
      "👤 Como será o nome do seu personagem?": "Yuri Targeryen",
      "🎭 Qual será a idade do seu personagem?": "323 anos",
      "🧬 Qual será a raça do personagem?": "Elfo",
      "📖 Envie um arquivo com a história do seu personagem": "[Lore_Yuri.pdf](https://cdn.discordapp.com/attachments/1459970030245773537/1459975644090990705/Lore_Yuri.pdf?ex=69653bc6&is=6963ea46&hm=3b9fd1a6e8762f579292846ad768d42a0258187c6838a0be0b0f9d841004745b&)",
      "📸 Fotos do seu modelo e skin 64": "**Imagem 1:** [image.png](https://cdn.discordapp.com/attachments/1459970030245773537/1459976036493168710/image.png?ex=69653c24&is=6963eaa4&hm=69f8d724a5e4c7a55ef3f1cad834278cf2ebeb334192a142206f30d9831f61f5&)"
    },
    "timestamp": "2026-01-11T15:23:32.924410",
    "status": "approved",
    "moderator_id": 746100276183826562,
    "reason": null,
    "processed_at": "2026-01-11T15:42:32.712443"
  },
  "1459984856841978081": {
    "user_id": 143150986502995968,
    "message_id": 1459984856841978081,
    "channel_id": 1413115396218683473,
    "form_data": {
      "📝 Qual é o seu nome completo?": "Steven Golnik",
      "🎂 Quantos anos você tem na vida real?": "24",
      "🎮 Qual seu nickname no minecraft?": "NeeD_DIamonD",
      "👤 Como será o nome do seu personagem?": "Steven",
      "🎭 Qual será a idade do seu personagem?": "24",
      "🧬 Qual será a raça do personagem?": "Humano",
      "📖 Envie um arquivo com a história do seu personagem": "[Lore_de_Steven.pdf](https://cdn.discordapp.com/attachments/1459984130333999402/1459984615325569125/Lore_de_Steven.pdf?ex=69654421&is=6963f2a1&hm=75089cf572768bc4d4b7126caee57be10a8afe1ce858c9c97e8e027e4a1b2056&)",
      "📸 Fotos do seu modelo e skin 64": "**Imagem 1:** [Captura_de_tela_2026-01-11_154453.png](https://cdn.discordapp.com/attachments/1459984130333999402/1459984846054097218/Captura_de_tela_2026-01-11_154453.png?ex=69654458&is=6963f2d8&hm=ba870fdbb60ec99ca5cd34bd74bca899acac6391d8626b6c8b2aff5fefacd53b&)\n**Imagem 2:** [Captura_de_tela_2026-01-11_154438.png](https://cdn.discordapp.com/attachments/1459984130333999402/1459984846452429071/Captura_de_tela_2026-01-11_154438.png?ex=69654458&is=6963f2d8&hm=d5b35f963360559874f1d8f161daf734515ce532ad0de8f37b7313f2d865b665&)\n**Imagem 3:** [Captura_de_tela_2026-01-11_154427.png](https://cdn.discordapp.com/attachments/1459984130333999402/1459984846725316649/Captura_de_tela_2026-01-11_154427.png?ex=69654458&is=6963f2d8&hm=700a7dd71ab7032fc708a635659bf84372b60175e28b5fbb83963cf016516d9c&)\n**Imagem 4:** [Captura_de_tela_2026-01-11_154351.png](https://cdn.discordapp.com/attachments/1459984130333999402/1459984847052345466/Captura_de_tela_2026-01-11_154351.png?ex=69654458&is=6963f2d8&hm=1281f23243131919bb1065fa3acfad9efb8f07085e87235b0bd99f4d69ab1d17&)"
    },
    "timestamp": "2026-01-11T15:58:35.237455",
    "status": "pending"
  },
  "1459990606112624883": {
    "user_id": 597105404803022868,
    "message_id": 1459990606112624883,
    "channel_id": 1413115396218683473,
    "form_data": {
      "📝 Qual é o seu nome completo?": "João Lucas Melo de Lima",
      "🎂 Quantos anos você tem na vida real?": "16",
      "🎮 Qual seu nickname no minecraft?": "Micro__Dream",
      "👤 Como será o nome do seu personagem?": "Aerin Seren",
      "🎭 Qual será a idade do seu personagem?": "19 anos",
      "🧬 Qual será a raça do personagem?": "Humano",
      "📖 Envie um arquivo com a história do seu personagem": "[Lore_de_Aerin.pdf](https://cdn.discordapp.com/attachments/1459988601067798660/1459990376256508187/Lore_de_Aerin.pdf?ex=6965497f&is=6963f7ff&hm=bd6734d45d4fb861cbbe82f2e9b28437c75fc6558f07457fcf94b78a74058f88&)",
      "📸 Fotos do seu modelo e skin 64": "**Imagem 1:** [Captura_de_tela_2026-01-11_160319.png](https://cdn.discordapp.com/attachments/1459988601067798660/1459990600874065972/Captura_de_tela_2026-01-11_160319.png?ex=696549b4&is=6963f834&hm=d33cd1474d03f97558d2533e47239e8131543ff1d9a8c22e718962a4dbedfde2&)\n**Imagem 2:** [Captura_de_tela_2026-01-11_160350.png](https://cdn.discordapp.com/attachments/1459988601067798660/1459990601453011098/Captura_de_tela_2026-01-11_160350.png?ex=696549b4&is=6963f834&hm=abefc68073fc09da2b21e57ab34efa65bebb76c8f008b1f1c639a3435e90c497&)\n**Imagem 3:** [Captura_de_tela_2026-01-11_160358.png](https://cdn.discordapp.com/attachments/1459988601067798660/1459990602337746994/Captura_de_tela_2026-01-11_160358.png?ex=696549b4&is=6963f834&hm=fb3a5b345fe3b5d46edc2d3937fb42f66db2067721d3e56415ac805ecfc92728&)\n**Imagem 4:** [Captura_de_tela_2026-01-11_160406.png](https://cdn.discordapp.com/attachments/1459988601067798660/1459990602832810188/Captura_de_tela_2026-01-11_160406.png?ex=696549b5&is=6963f835&hm=3c4c3828aa08e85bf883e978e5a7e9574d6033b8df8bd93b7b38fab4b089f8d1&)\n**Imagem 5:** [Captura_de_tela_2026-01-11_160411.png](https://cdn.discordapp.com/attachments/1459988601067798660/1459990603319345306/Captura_de_tela_2026-01-11_160411.png?ex=696549b5&is=6963f835&hm=a9451445087564202e337382702fd9cc365b0b1a189dbd1697a633861aa24690&)"
    },
    "timestamp": "2026-01-11T16:21:25.956962",
    "status": "pending"
  },
  "1460002712409080081": {
    "user_id": 915812446252462090,
    "message_id": 1460002712409080081,
    "channel_id": 1413115396218683473,
    "form_data": {
      "📝 Qual é o seu nome completo?": "João Paulo",
      "🎂 Quantos anos você tem na vida real?": "20 anos",
      "🎮 Qual seu nickname no minecraft?": "yDarkzPvP",
      "👤 Como será o nome do seu personagem?": "Thariel Valorthir",
      "🎭 Qual será a idade do seu personagem?": "24 anos",
      "🧬 Qual será a raça do personagem?": "Elfo",
      "📖 Envie um arquivo com a história do seu personagem": "[Thariel_Valorthir_Lore_Velaris.pdf](https://cdn.discordapp.com/attachments/1459995944010645524/1460002002305290240/Thariel_Valorthir_Lore_Velaris.pdf?ex=69655452&is=696402d2&hm=a57865d6ffcd90bc45a398b836377ec5bc7c50949867deb647e916c848754367&)",
      "📸 Fotos do seu modelo e skin 64": "**Imagem 1:** [image.png](https://cdn.discordapp.com/attachments/1459995944010645524/1460002709351563335/image.png?ex=696554fb&is=6964037b&hm=bd2f9c0f207bcae556f25940cfee22823108f5a1b4e7a257ccedbbfb3eefb32b&)"
    },
    "timestamp": "2026-01-11T17:09:32.334188",
    "status": "pending"
  },
  "1460040598508798073": {
    "user_id": 964953583638441994,
    "message_id": 1460040598508798073,
    "channel_id": 1413115396218683473,
    "form_data": {
      "📝 Qual é o seu nome completo?": "Gustavo",
      "🎂 Quantos anos você tem na vida real?": "16",
      "🎮 Qual seu nickname no minecraft?": "Shacoalha",
      "👤 Como será o nome do seu personagem?": "Labu",
      "🎭 Qual será a idade do seu personagem?": "18",
      "🧬 Qual será a raça do personagem?": "Golem",
      "📖 Envie um arquivo com a história do seu personagem": "[Labu.pdf](https://cdn.discordapp.com/attachments/1460012478334374052/1460040492535513272/Labu.pdf?ex=6965782b&is=696426ab&hm=d21cf835e9378b626ced8f07e2a3b2cf0452176d679e95c976261e766c1a0237&)",
      "📸 Fotos do seu modelo e skin 64": "**Imagem 1:** [image.png](https://cdn.discordapp.com/attachments/1460012478334374052/1460040595522195618/image.png?ex=69657844&is=696426c4&hm=cbe2e8fe86191254ed445b575f353b2d8d413ec6611139d4c8ad83008ce4381a&)\n**Imagem 2:** [image.png](https://cdn.discordapp.com/attachments/1460012478334374052/1460040595962855649/image.png?ex=69657844&is=696426c4&hm=381141e618cddf899664bafdd31152a526503019501cf1e26ec818d61d36cc15&)"
    },
    "timestamp": "2026-01-11T19:40:05.075266",
    "status": "approved",
    "moderator_id": 888256841723822131,
    "reason": null,
    "processed_at": "2026-01-11T19:45:30.581117"
  },
  "1460043329332056155": {
    "user_id": 355453376244350988,
    "message_id": 1460043329332056155,
    "channel_id": 1413115396218683473,
    "form_data": {
      "📝 Qual é o seu nome completo?": "Ricardo Henrique Ramos Araujo",
      "🎂 Quantos anos você tem na vida real?": "23",
      "🎮 Qual seu nickname no minecraft?": "BigFungos",
      "👤 Como será o nome do seu personagem?": "Odisseu (Odi)",
      "🎭 Qual será a idade do seu personagem?": "18",
      "🧬 Qual será a raça do personagem?": "Carapaça",
      "📖 Envie um arquivo com a história do seu personagem": "[Odi_Lore.pdf](https://cdn.discordapp.com/attachments/1460042209570066465/1460042873587237056/Odi_Lore.pdf?ex=69657a63&is=696428e3&hm=6b0baca6320ebbf9261f2d48d9d905a04f817eb60f91f700910ec6c3fa1d5f94&)",
      "📸 Fotos do seu modelo e skin 64": "**Imagem 1:** [image.png](https://cdn.discordapp.com/attachments/1460042209570066465/1460043327104618679/image.png?ex=69657acf&is=6964294f&hm=172b82c4580724ac97542d3f0508784d176165b665b01fa58fa47844be7fd99c&)"
    },
    "timestamp": "2026-01-11T19:50:56.118847",
    "status": "denied",
    "moderator_id": 888256841723822131,
    "reason": "- Lore sem chegada\n - Não enviou a skin 64",
    "processed_at": "2026-01-11T20:01:53.367560"
  },
  "1460068102246109207": {
    "user_id": 1436505534097395723,
    "message_id": 1460068102246109207,
    "channel_id": 1413115396218683473,
    "form_data": {
      "📝 Qual é o seu nome completo?": "Jonatan Almeida do Nascimento",
      "🎂 Quantos anos você tem na vida real?": "16",
      "🎮 Qual seu nickname no minecraft?": "7later mas vou mudar dia 20, quando eu mudar vou avisar",
      "👤 Como será o nome do seu personagem?": "Jonatha",
      "🎭 Qual será a idade do seu personagem?": "18",
      "🧬 Qual será a raça do personagem?": "Humano",
      "📖 Envie um arquivo com a história do seu personagem": "[Historia_de_RP.pdf](https://cdn.discordapp.com/attachments/1460065080568844378/1460067396692869120/Historia_de_RP.pdf?ex=6965913a&is=69643fba&hm=a54d27e250a75936f47ab17927c5a77cbdddc89605f2adb0220d7564d2ef5967&)",
      "📸 Fotos do seu modelo e skin 64": "**Imagem 1:** [image.png](https://cdn.discordapp.com/attachments/1460065080568844378/1460068098693402901/image.png?ex=696591e1&is=69644061&hm=8c4762aa9c78ab2603f33ba139824880109666cec133d4494737850a485d931e&)\n**Imagem 2:** [image.png](https://cdn.discordapp.com/attachments/1460065080568844378/1460068099054239946/image.png?ex=696591e1&is=69644061&hm=46859aa2d68a9d1ec442e3299034d941ad80d24ee738607cf5ddb049289dca37&)"
    },
    "timestamp": "2026-01-11T21:29:22.479953",
    "status": "pending"
  },
  "1460077281308573699": {
    "user_id": 1119365459326795887,
    "message_id": 1460077281308573699,
    "channel_id": 1413115396218683473,
    "form_data": {
      "📝 Qual é o seu nome completo?": "Alice Brito Medrado",
      "🎂 Quantos anos você tem na vida real?": "17",
      "🎮 Qual seu nickname no minecraft?": "Spacy009",
      "👤 Como será o nome do seu personagem?": "Alice Zayren",
      "🎭 Qual será a idade do seu personagem?": "18",
      "🧬 Qual será a raça do personagem?": "Humano",
      "📖 Envie um arquivo com a história do seu personagem": "[Lore_de_Alice_Zayren.pdf](https://cdn.discordapp.com/attachments/1460076783947743487/1460077121333625117/Lore_de_Alice_Zayren.pdf?ex=69659a48&is=696448c8&hm=e1580b3dad8955775860ac98a277947576565f437dbac3816142b3572b53c868&)",
      "📸 Fotos do seu modelo e skin 64": "**Imagem 1:** [Captura_de_tela_2026-01-11_220231.png](https://cdn.discordapp.com/attachments/1460076783947743487/1460077276774531103/Captura_de_tela_2026-01-11_220231.png?ex=69659a6d&is=696448ed&hm=fe7ff4546a635752c9198462934dfbfe06d6722642082845f452f2376e14c3e5&)\n**Imagem 2:** [Captura_de_tela_2026-01-11_220255.png](https://cdn.discordapp.com/attachments/1460076783947743487/1460077277621522554/Captura_de_tela_2026-01-11_220255.png?ex=69659a6d&is=696448ed&hm=3a31783657f8b18a7f4cedeaf961afb09a84a70d16051b82b909f04631f2c279&)\n**Imagem 3:** [Captura_de_tela_2026-01-11_220304.png](https://cdn.discordapp.com/attachments/1460076783947743487/1460077278062182471/Captura_de_tela_2026-01-11_220304.png?ex=69659a6e&is=696448ee&hm=7d87d81518a85840c9f531ced3a346231be44b4d1a85b94c013169bf64b54713&)"
    },
    "timestamp": "2026-01-11T22:05:51.076919",
    "status": "approved",
    "moderator_id": 746100276183826562,
    "reason": null,
    "processed_at": "2026-01-12T23:56:58.884054"
  },
  "1460095074791588022": {
    "user_id": 220140500504543232,
    "message_id": 1460095074791588022,
    "channel_id": 1413115396218683473,
    "form_data": {
      "📝 Qual é o seu nome completo?": "luis henrique ferreira",
      "🎂 Quantos anos você tem na vida real?": "27",
      "🎮 Qual seu nickname no minecraft?": "luisho98",
      "👤 Como será o nome do seu personagem?": "Durik Barba de Aço",
      "🎭 Qual será a idade do seu personagem?": "176 anos",
      "🧬 Qual será a raça do personagem?": "Anão",
      "📖 Envie um arquivo com a história do seu personagem": "[Novoa_Documento_do_Microsoft_Word.docx](https://cdn.discordapp.com/attachments/1460093529794678989/1460094711791485144/Novoa_Documento_do_Microsoft_Word.docx?ex=6965aaaa&is=6964592a&hm=fb8cc0f8f7023b98130d7a034536ec93c8eb6796385c7167d20c5d10e1c433f2&)",
      "📸 Fotos do seu modelo e skin 64": "**Imagem 1:** [ferreiro.png](https://cdn.discordapp.com/attachments/1460093529794678989/1460095072656953532/ferreiro.png?ex=6965ab00&is=69645980&hm=91fa3858ff9a84c3470aa385d749490701a535502e963b54abd82c98c8c9ec0b&)"
    },
    "timestamp": "2026-01-11T23:16:33.339580",
    "status": "pending"
  },
  "1460109033015873536": {
    "user_id": 706991490349531157,
    "message_id": 1460109033015873536,
    "channel_id": 1413115396218683473,
    "form_data": {
      "📝 Qual é o seu nome completo?": "João Antônio da Silva Sátiro",
      "🎂 Quantos anos você tem na vida real?": "22",
      "🎮 Qual seu nickname no minecraft?": "Jontoin",
      "👤 Como será o nome do seu personagem?": "Alaric",
      "🎭 Qual será a idade do seu personagem?": "38",
      "🧬 Qual será a raça do personagem?": "Elfo",
      "📖 Envie um arquivo com a história do seu personagem": "[Veldan_RP___All.pdf](https://cdn.discordapp.com/attachments/1460107602053562564/1460108479938298050/Veldan_RP___All.pdf?ex=6965b77d&is=696465fd&hm=bd5a8ba8801ce5c953a8c80ad5766cef4c98128fd312c76c88d5df25f5f15f08&)",
      "📸 Fotos do seu modelo e skin 64": "**Imagem 1:** [jontoinnn.png](https://cdn.discordapp.com/attachments/1460107602053562564/1460109029391995062/jontoinnn.png?ex=6965b800&is=69646680&hm=e96d41df6f6e49cc838af46f9ded3c471bc7ff67cd2a10370a9bdc2932dba84e&)\n**Imagem 2:** [image.png](https://cdn.discordapp.com/attachments/1460107602053562564/1460109029765546025/image.png?ex=6965b800&is=69646680&hm=badbf57b3238c86e980b5a9066953cf645b880373bfcbf9ec7525f754797a214&)\n**Imagem 3:** [image.png](https://cdn.discordapp.com/attachments/1460107602053562564/1460109030377918718/image.png?ex=6965b800&is=69646680&hm=a916ff089ce7487eba434f71d58e48f5bdea0aaaedb82915c9378d36d5fbcabe&)"
    },
    "timestamp": "2026-01-12T00:12:01.144671",
    "status": "pending"
  },
  "1460126997077430354": {
    "user_id": 742067866374897766,
    "message_id": 1460126997077430354,
    "channel_id": 1413115396218683473,
    "form_data": {
      "📝 Qual é o seu nome completo?": "Alisson Santos",
      "🎂 Quantos anos você tem na vida real?": "17",
      "🎮 Qual seu nickname no minecraft?": "BRK_ALISSON",
      "👤 Como será o nome do seu personagem?": "Alexander Garmath",
      "🎭 Qual será a idade do seu personagem?": "24",
      "🧬 Qual será a raça do personagem?": "Tiefling",
      "📖 Envie um arquivo com a história do seu personagem": "[Alexander.pdf](https://cdn.discordapp.com/attachments/1430009934417887312/1460125648940175451/Alexander.pdf?ex=6965c77a&is=696475fa&hm=c9d91a333bf4255789823b635ca14972b10a7a3cb55c61e4ff90eb8927212427&)",
      "📸 Fotos do seu modelo e skin 64": "**Imagem 1:** [image.png](https://cdn.discordapp.com/attachments/1430009934417887312/1460126991939538964/image.png?ex=6965c8ba&is=6964773a&hm=86e4da15c5744e55b10a9dc2ca502048a30a656f2e64383f83af669df1c2c957&)\n**Imagem 2:** [image.png](https://cdn.discordapp.com/attachments/1430009934417887312/1460126992518349028/image.png?ex=6965c8ba&is=6964773a&hm=95b1fae969a2233ffdb2a4c9d448a95cc6154ecac4b934a9387243575444dd83&)\n**Imagem 3:** [image.png](https://cdn.discordapp.com/attachments/1430009934417887312/1460126993075929313/image.png?ex=6965c8ba&is=6964773a&hm=5bf53e8034477eb6f7ab0d4d9b002c579dd70d4288d0da1235ab2f95fcdc30e4&)"
    },
    "timestamp": "2026-01-12T01:23:24.048134",
    "status": "pending"
  },
  "1460131798641016916": {
    "user_id": 1364263497944404191,
    "message_id": 1460131798641016916,
    "channel_id": 1413115396218683473,
    "form_data": {
      "📝 Qual é o seu nome completo?": "Gabriel Oliveira Silva",
      "🎂 Quantos anos você tem na vida real?": "19 anos",
      "🎮 Qual seu nickname no minecraft?": "gabtubeyu676",
      "👤 Como será o nome do seu personagem?": "akatsu",
      "🎭 Qual será a idade do seu personagem?": "20 anos",
      "🧬 Qual será a raça do personagem?": "Feral",
      "📖 Envie um arquivo com a história do seu personagem": "[Akatsu_nasceu_em_uma_pequena_vila_esquecida_entre_florestas_densas_e_montanhas_enevoadas.pdf](https://cdn.discordapp.com/attachments/1458542741242777852/1460131631560921209/Akatsu_nasceu_em_uma_pequena_vila_esquecida_entre_florestas_densas_e_montanhas_enevoadas.pdf?ex=6965cd0c&is=69647b8c&hm=078729035fecbc8c9851a94d6be349ae3e2658982ff1c59e6631f2f069a4738a&)",
      "📸 Fotos do seu modelo e skin 64": "**Imagem 1:** [2026-01-12_4.png](https://cdn.discordapp.com/attachments/1458542741242777852/1460131794782388348/2026-01-12_4.png?ex=6965cd33&is=69647bb3&hm=4d0c19c10b3332bdd379927fe12dc110b83ede03c97a0fb9e37576b9cdba5eee&)\n**Imagem 2:** [2026-01-12_3.png](https://cdn.discordapp.com/attachments/1458542741242777852/1460131795206144113/2026-01-12_3.png?ex=6965cd33&is=69647bb3&hm=f427be6d83620bf723e27fe0ce45ba10f001dd0281815badc19a1dd154c28e11&)\n**Imagem 3:** [2026-01-12_5.png](https://cdn.discordapp.com/attachments/1458542741242777852/1460131795663192245/2026-01-12_5.png?ex=6965cd34&is=69647bb4&hm=22e7aad043fdffb93ae4c133ab2394f19be940073a6eed4b3401f1a04188207e&)\n**Imagem 4:** [2026-01-12_6.png](https://cdn.discordapp.com/attachments/1458542741242777852/1460131796262850571/2026-01-12_6.png?ex=6965cd34&is=69647bb4&hm=f7a74f364fb3c735cf07c4b222d03eb3f0cfee63e2af64bb79f386814ef55012&)"
    },
    "timestamp": "2026-01-12T01:42:28.910970",
    "status": "pending"
  },
  "1460143986160173066": {
    "user_id": 929054033635840021,
    "message_id": 1460143986160173066,
    "channel_id": 1413115396218683473,
    "form_data": {
      "📝 Qual é o seu nome completo?": "Nathanyel",
      "🎂 Quantos anos você tem na vida real?": "17",
      "🎮 Qual seu nickname no minecraft?": "Chamber__",
      "👤 Como será o nome do seu personagem?": "Keyleth Garmath",
      "🎭 Qual será a idade do seu personagem?": "23",
      "🧬 Qual será a raça do personagem?": "Tiefling",
      "📖 Envie um arquivo com a história do seu personagem": "[Os_irmao_pocoyo.pdf](https://cdn.discordapp.com/attachments/1420492696769789985/1460143701048168519/Os_irmao_pocoyo.pdf?ex=6965d84a&is=696486ca&hm=37a87dff4db11ab495c127a8a1bfc82e21e72d7b63c43774ceb4b04eb32f5c12&)",
      "📸 Fotos do seu modelo e skin 64": "**Imagem 1:** [image.png](https://cdn.discordapp.com/attachments/1420492696769789985/1460143981185863798/image.png?ex=6965d88d&is=6964870d&hm=d81b8a7c36240028a4a7d6ca57e2b840375e301668246e14bdcc71f1f3193a62&)\n**Imagem 2:** [image.png](https://cdn.discordapp.com/attachments/1420492696769789985/1460143981798359040/image.png?ex=6965d88d&is=6964870d&hm=197e59c2c33dcb84f99e9c702168564cbe11ad17c8a156a6a675504f57617b69&)\n**Imagem 3:** [image.png](https://cdn.discordapp.com/attachments/1420492696769789985/1460143982209142867/image.png?ex=6965d88d&is=6964870d&hm=254e9f54ba2e0f254e01a7a59d59a56974d26d1345940432d9b3b1ec9af80ab4&)\n**Imagem 4:** [image.png](https://cdn.discordapp.com/attachments/1420492696769789985/1460143982544945234/image.png?ex=6965d88d&is=6964870d&hm=e4149fdcde5e3974432a3da4e3dcb3537943ced9770a8e563ec699d0cbdf4754&)"
    },
    "timestamp": "2026-01-12T02:30:54.665614",
    "status": "pending"
  },
  "1460148672556830855": {
    "user_id": 1176274606173212693,
    "message_id": 1460148672556830855,
    "channel_id": 1413115396218683473,
    "form_data": {
      "📝 Qual é o seu nome completo?": "Vinícius amorim",
      "🎂 Quantos anos você tem na vida real?": "13",
      "🎮 Qual seu nickname no minecraft?": "Vini_vedoveli",
      "👤 Como será o nome do seu personagem?": "Varkh",
      "🎭 Qual será a idade do seu personagem?": "22",
      "🧬 Qual será a raça do personagem?": "Draconato",
      "📖 Envie um arquivo com a história do seu personagem": "[String.docx](https://cdn.discordapp.com/attachments/1460143266606350509/1460147139022688451/String.docx?ex=6965db7e&is=696489fe&hm=796fd6c891956fb64c549998275d1be7af49a0a9e91c6e4207197aac13d9da32&)",
      "📸 Fotos do seu modelo e skin 64": "**Imagem 1:** [IMG-20260112-WA0002.jpg](https://cdn.discordapp.com/attachments/1460143266606350509/1460148669688057866/IMG-20260112-WA0002.jpg?ex=6965dceb&is=69648b6b&hm=13c26676658b198b36316d55f135173fd793ce342927a9bf3a52a742b9b800ce&)"
    },
    "timestamp": "2026-01-12T02:49:31.988029",
    "status": "pending"
  },
  "1460279169312100427": {
    "user_id": 1289692475753107528,
    "message_id": 1460279169312100427,
    "channel_id": 1413115396218683473,
    "form_data": {
      "📝 Qual é o seu nome completo?": "Gláucio Mendes Sapucahy",
      "🎂 Quantos anos você tem na vida real?": "13 anos",
      "🎮 Qual seu nickname no minecraft?": "Glausgg",
      "👤 Como será o nome do seu personagem?": "Grace",
      "🎭 Qual será a idade do seu personagem?": "16 anos",
      "🧬 Qual será a raça do personagem?": "Humano",
      "📖 Envie um arquivo com a história do seu personagem": "[historia_do_Grace_lol.txt](https://cdn.discordapp.com/attachments/1460274928216703151/1460277351077380168/historia_do_Grace_lol.txt?ex=696654c3&is=69650343&hm=2fcd944835fb55a39b070d384624a9261f3fa70ba42689302c6a46f7b8c60de0&)",
      "📸 Fotos do seu modelo e skin 64": "**Imagem 1:** [Captura_de_tela_2026-01-12_112744.png](https://cdn.discordapp.com/attachments/1460274928216703151/1460279166728409245/Captura_de_tela_2026-01-12_112744.png?ex=69665674&is=696504f4&hm=4c024ac1f02e8fa1d8f4ac889c947e056863c355b0ebd4c03e28dc9276031c8f&)"
    },
    "timestamp": "2026-01-12T11:28:04.935588",
    "status": "pending"
  },
  "1460292999434076295": {
    "user_id": 1383905910715322479,
    "message_id": 1460292999434076295,
    "channel_id": 1413115396218683473,
    "form_data": {
      "📝 Qual é o seu nome completo?": "Felipe de Sousa",
      "🎂 Quantos anos você tem na vida real?": "18",
      "🎮 Qual seu nickname no minecraft?": "mikolipe",
      "👤 Como será o nome do seu personagem?": "Takeshi Raiden",
      "🎭 Qual será a idade do seu personagem?": "23",
      "🧬 Qual será a raça do personagem?": "Humano",
      "📖 Envie um arquivo com a história do seu personagem": "[Takeshi_Raiden.pdf](https://cdn.discordapp.com/attachments/1460065083001536604/1460292286150742279/Takeshi_Raiden.pdf?ex=696662ab&is=6965112b&hm=43076923b7827f600513af413fd9256ef38c4978f696cd7637d31ba8e584e53c&)",
      "📸 Fotos do seu modelo e skin 64": "**Imagem 1:** [Captura_de_tela_2026-01-12_122202.png](https://cdn.discordapp.com/attachments/1460065083001536604/1460292992681115679/Captura_de_tela_2026-01-12_122202.png?ex=69666354&is=696511d4&hm=05a3b666c65db13149d15f672f09c30a92ee3994a64398b2635ea6fdc1592d2e&)\n**Imagem 2:** [Captura_de_tela_2026-01-12_122206.png](https://cdn.discordapp.com/attachments/1460065083001536604/1460292993427968061/Captura_de_tela_2026-01-12_122206.png?ex=69666354&is=696511d4&hm=7b6eb151f4fcbec7f4aeb8b5007cd5e1780ea06dbf4d9a1132b1f2657ec0928a&)\n**Imagem 3:** [Captura_de_tela_2026-01-12_122158.png](https://cdn.discordapp.com/attachments/1460065083001536604/1460292994082017463/Captura_de_tela_2026-01-12_122158.png?ex=69666354&is=696511d4&hm=5342f1c119ff703d6acd3bbc61646c492ec1824747f6c9b1cedcadd1a3eaf50d&)\n**Imagem 4:** [Captura_de_tela_2026-01-12_122209.png](https://cdn.discordapp.com/attachments/1460065083001536604/1460292994761621645/Captura_de_tela_2026-01-12_122209.png?ex=69666354&is=696511d4&hm=4322210f44c119f6cdcaccfedea909adf189e1389dbe1911b2b6b1c0aaa7fc25&)\n**Imagem 5:** [Captura_de_tela_2026-01-12_122214.png](https://cdn.discordapp.com/attachments/1460065083001536604/1460292995139240008/Captura_de_tela_2026-01-12_122214.png?ex=69666354&is=696511d4&hm=a28539a7560c4ce3b4a3e8680f34f857ab471a1908723cd3468b2973262bd9e4&)"
    },
    "timestamp": "2026-01-12T12:23:02.600852",
    "status": "pending"
  },
  "1460297489117741066": {
    "user_id": 1162824046862409859,
    "message_id": 1460297489117741066,
    "channel_id": 1413115396218683473,
    "form_data": {
      "📝 Qual é o seu nome completo?": "Daniel Pereira de Sousa",
      "🎂 Quantos anos você tem na vida real?": "14 anos\nObs:já foi permitido pelo meu responsável e já fui liberado pelos adms no ticket.",
      "🎮 Qual seu nickname no minecraft?": "Pasteuxin",
      "👤 Como será o nome do seu personagem?": "Norman",
      "🎭 Qual será a idade do seu personagem?": "14",
      "🧬 Qual será a raça do personagem?": "Elfo",
      "📖 Envie um arquivo com a história do seu personagem": "[Lore_Norman_2.pdf](https://cdn.discordapp.com/attachments/1460294909520253020/1460296707282829403/Lore_Norman_2.pdf?ex=696666ca&is=6965154a&hm=ff3843c83cc2c119bc606a199ec66bca3ac94708da0f99daea041eed982a9124&)",
      "📸 Fotos do seu modelo e skin 64": "**Imagem 1:** [SkinseedSkin_1768168851497.png](https://cdn.discordapp.com/attachments/1460294909520253020/1460297484709527795/SkinseedSkin_1768168851497.png?ex=69666783&is=69651603&hm=14c16527b9e11f298e3ec2eed651501400e4b9c6d4da4f45c5e9b55076293b7f&)\n**Imagem 2:** [Skinseed_1768168922.jpg](https://cdn.discordapp.com/attachments/1460294909520253020/1460297485116506223/Skinseed_1768168922.jpg?ex=69666783&is=69651603&hm=05b5ab6ce1e1a99a9e49a27a5ac83cd3fd19d43fb9c2e656e4695caf230ed28a&)\n**Imagem 3:** [Skinseed_1768168732.jpg](https://cdn.discordapp.com/attachments/1460294909520253020/1460297485598724209/Skinseed_1768168732.jpg?ex=69666783&is=69651603&hm=10fe780f8fe9f880909ba3369027c952f3d5788fd0fe2ac71f283793db81a56e&)\n**Imagem 4:** [Skinseed_1768232333.jpg](https://cdn.discordapp.com/attachments/1460294909520253020/1460297486118813985/Skinseed_1768232333.jpg?ex=69666783&is=69651603&hm=b9683ea246bfe78370bd6b48db51b6128416409ecd0d7277b8d90784d4210563&)\n**Imagem 5:** [Skinseed_1768232339.jpg](https://cdn.discordapp.com/attachments/1460294909520253020/1460297486550958335/Skinseed_1768232339.jpg?ex=69666783&is=69651603&hm=251a6fc90bc335511e223bc0afd2eccaec276f445f4d93f06bc7b28a90ec250e&)"
    },
    "timestamp": "2026-01-12T12:40:52.575240",
    "status": "pending"
  },
  "1460308516571975793": {
    "user_id": 884120501293817898,
    "message_id": 1460308516571975793,
    "channel_id": 1413115396218683473,
    "form_data": {
      "📝 Qual é o seu nome completo?": "Jose lucas",
      "🎂 Quantos anos você tem na vida real?": "18",
      "🎮 Qual seu nickname no minecraft?": "Lczz07",
      "👤 Como será o nome do seu personagem?": "Lukas Salazar",
      "🎭 Qual será a idade do seu personagem?": "21",
      "🧬 Qual será a raça do personagem?": "Tiefling",
      "📖 Envie um arquivo com a história do seu personagem": "[Lore_de_lukas.docx](https://cdn.discordapp.com/attachments/1459516419287810062/1460307865637093553/Lore_de_lukas.docx?ex=6966712e&is=69651fae&hm=52a54ce3220d188d53b63fcb117467f1602d06f2beb26403f5961dc5a3a6b4e7&)",
      "📸 Fotos do seu modelo e skin 64": "**Imagem 1:** [image.png](https://cdn.discordapp.com/attachments/1459516419287810062/1460308513019400213/image.png?ex=696671c8&is=69652048&hm=19e5790edea50568776b396bdca687239f783c5473727a78b5e5a08fe1a82f72&)\n**Imagem 2:** [image.png](https://cdn.discordapp.com/attachments/1459516419287810062/1460308513447346402/image.png?ex=696671c8&is=69652048&hm=92a30c163b13d025610ff4ecefc04c65ad3d8cd063bbb453a1876c7b2b9fc120&)"
    },
    "timestamp": "2026-01-12T13:24:41.699793",
    "status": "pending"
  },
  "1460320012660113428": {
    "user_id": 465222630723682304,
    "message_id": 1460320012660113428,
    "channel_id": 1413115396218683473,
    "form_data": {
      "📝 Qual é o seu nome completo?": "Maria Nappi",
      "🎂 Quantos anos você tem na vida real?": "20",
      "🎮 Qual seu nickname no minecraft?": "nappigameplays",
      "👤 Como será o nome do seu personagem?": "Dimitria",
      "🎭 Qual será a idade do seu personagem?": "100",
      "🧬 Qual será a raça do personagem?": "Serpentai",
      "📖 Envie um arquivo com a história do seu personagem": "[Dimitria_Laguna.pdf](https://cdn.discordapp.com/attachments/1460316564447432745/1460318690255044618/Dimitria_Laguna.pdf?ex=69667b43&is=696529c3&hm=35523b68e97dfabb9c11b0f501d951d266934a00259982a977d845ca8c006177&)",
      "📸 Fotos do seu modelo e skin 64": "**Imagem 1:** [Medusa-SSPBL-S7W1-on-planetminecraft-com.png](https://cdn.discordapp.com/attachments/1460316564447432745/1460320008189120603/Medusa-SSPBL-S7W1-on-planetminecraft-com.png?ex=69667c7d&is=69652afd&hm=456c73ba02fab2376fb8f4059e0a5c91e6b32ab8624242d507320558946fe740&)\n**Imagem 2:** [GNtYrQvXoAAPp0h.png](https://cdn.discordapp.com/attachments/1460316564447432745/1460320008793231584/GNtYrQvXoAAPp0h.png?ex=69667c7d&is=69652afd&hm=674acbf0bf6caecbc383f65ce7db0e518fe84eada496eaccedaf2160ab6710b7&)"
    },
    "timestamp": "2026-01-12T14:10:22.888304",
    "status": "pending"
  },
  "1460331501307564236": {
    "user_id": 727602556850667551,
    "message_id": 1460331501307564236,
    "channel_id": 1413115396218683473,
    "form_data": {
      "📝 Qual é o seu nome completo?": "João Victor Sobreira Corrêa",
      "🎂 Quantos anos você tem na vida real?": "16 anos, jaja faço 17 anos",
      "🎮 Qual seu nickname no minecraft?": "xxslippxs",
      "👤 Como será o nome do seu personagem?": "Zulmiro",
      "🎭 Qual será a idade do seu personagem?": "120 anos de idade",
      "🧬 Qual será a raça do personagem?": "Tiefling",
      "📖 Envie um arquivo com a história do seu personagem": "[Lore_de_Zulmiro.pdf](https://cdn.discordapp.com/attachments/1460329850022924319/1460330550123561138/Lore_de_Zulmiro.pdf?ex=6966864e&is=696534ce&hm=4b7d5b67f61604e44e00dfb7ae12ed9dbca70a5f5d6f8838eed618ade083ca9e&)",
      "📸 Fotos do seu modelo e skin 64": "**Imagem 1:** [Tiefling_Bartender_V2_Minecraft_Skin_-_Opera_12_01_2026_14_07_59.png](https://cdn.discordapp.com/attachments/1460329850022924319/1460331497348141067/Tiefling_Bartender_V2_Minecraft_Skin_-_Opera_12_01_2026_14_07_59.png?ex=69668730&is=696535b0&hm=d83a2063a8f956ab28c9cb9faac7e5f5b69625c3888bd8ed6007187e8ccdfbe3&)\n**Imagem 2:** [Tiefling_Bartender_V2_Minecraft_Skin_-_Opera_12_01_2026_14_08_04.png](https://cdn.discordapp.com/attachments/1460329850022924319/1460331497683681351/Tiefling_Bartender_V2_Minecraft_Skin_-_Opera_12_01_2026_14_08_04.png?ex=69668730&is=696535b0&hm=a05292ca69784464f727c70bed26e06507a84ad7c44988edf78534649acc7cd4&)\n**Imagem 3:** [Tiefling_Bartender_V2_Minecraft_Skin_-_Opera_12_01_2026_14_08_07.png](https://cdn.discordapp.com/attachments/1460329850022924319/1460331498002714625/Tiefling_Bartender_V2_Minecraft_Skin_-_Opera_12_01_2026_14_08_07.png?ex=69668730&is=696535b0&hm=c6c6df74f7aea0c0aca8a61db932f4dd86369ff5e4ba75a077f236f4227e6d63&)\n**Imagem 4:** [Tiefling_Bartender_V2_Minecraft_Skin_-_Opera_12_01_2026_14_08_10.png](https://cdn.discordapp.com/attachments/1460329850022924319/1460331498346385650/Tiefling_Bartender_V2_Minecraft_Skin_-_Opera_12_01_2026_14_08_10.png?ex=69668730&is=696535b0&hm=1916758cb91d6034f7ad9353d1319f1c3b9679a8a8baf493fbef044d67b6fcd1&)"
    },
    "timestamp": "2026-01-12T14:56:01.729029",
    "status": "pending"
  },
  "1460332463669645366": {
    "user_id": 805984916742733826,
    "message_id": 1460332463669645366,
    "channel_id": 1413115396218683473,
    "form_data": {
      "📝 Qual é o seu nome completo?": "Lucas de Oliveira da Silva",
      "🎂 Quantos anos você tem na vida real?": "16",
      "🎮 Qual seu nickname no minecraft?": "Scalloy",
      "👤 Como será o nome do seu personagem?": "Golmon",
      "🎭 Qual será a idade do seu personagem?": "77",
      "🧬 Qual será a raça do personagem?": "Golem",
      "📖 Envie um arquivo com a história do seu personagem": "[Golmon.pdf](https://cdn.discordapp.com/attachments/1459974526724079922/1460331086386172078/Golmon.pdf?ex=696686ce&is=6965354e&hm=dfd7966b34c50b8267bd7ec43899b3fe297cd80b277a9d1b1a58cc409e6b37cd&)",
      "📸 Fotos do seu modelo e skin 64": "**Imagem 1:** [Captura_de_tela_2026-01-12_145841.png](https://cdn.discordapp.com/attachments/1459974526724079922/1460332460847009803/Captura_de_tela_2026-01-12_145841.png?ex=69668816&is=69653696&hm=3b970f9d154267d8267b42357b235c3f883862833702f3a81a508d8742562860&)"
    },
    "timestamp": "2026-01-12T14:59:51.223293",
    "status": "pending"
  },
  "1460388526293127228": {
    "user_id": 1251297692315942950,
    "message_id": 1460388526293127228,
    "channel_id": 1413115396218683473,
    "form_data": {
      "📝 Qual é o seu nome completo?": "Stella Angels",
      "🎂 Quantos anos você tem na vida real?": "18",
      "🎮 Qual seu nickname no minecraft?": "Stellaire",
      "👤 Como será o nome do seu personagem?": "(me perdoem, achei que a primeira pergunta se referia ao nome da minha personagem. Meu nome real completo é Maya Carrion Puglisi) Nome da personagem: Stella",
      "🎭 Qual será a idade do seu personagem?": "18",
      "🧬 Qual será a raça do personagem?": "Fada",
      "📖 Envie um arquivo com a história do seu personagem": "[Stella.pdf](https://cdn.discordapp.com/attachments/1460382636039082131/1460387624320503959/Stella.pdf?ex=6966bb76&is=696569f6&hm=e51d825eafe452b0415828a6d0e8e44b4490ea8f3b62b1af19960e68b8aeef20&)",
      "📸 Fotos do seu modelo e skin 64": "**Imagem 1:** [suwio_Skin_de_Minecraft___NameMC_-_Google_Chrome_12_01_2026_18_39_48_2.png](https://cdn.discordapp.com/attachments/1460382636039082131/1460388520773292208/suwio_Skin_de_Minecraft___NameMC_-_Google_Chrome_12_01_2026_18_39_48_2.png?ex=6966bc4c&is=69656acc&hm=99319207cbb78b49fb36abfe5c20f63115702aaba724ec1733f2d1b0a0830b45&)\n**Imagem 2:** [suwio_Skin_de_Minecraft___NameMC_-_Google_Chrome_12_01_2026_18_40_23_2.png](https://cdn.discordapp.com/attachments/1460382636039082131/1460388521251701030/suwio_Skin_de_Minecraft___NameMC_-_Google_Chrome_12_01_2026_18_40_23_2.png?ex=6966bc4c&is=69656acc&hm=35fd2ccea3eb9cd5e3021f4ffdb5a4e342f20177fb39eecda88d00c376545d5c&)\n**Imagem 3:** [suwio_Skin_de_Minecraft___NameMC_-_Google_Chrome_12_01_2026_18_41_08_2.png](https://cdn.discordapp.com/attachments/1460382636039082131/1460388521943498893/suwio_Skin_de_Minecraft___NameMC_-_Google_Chrome_12_01_2026_18_41_08_2.png?ex=6966bc4c&is=69656acc&hm=ff4476c7475ee35a4965ff731a5f97c3f34441955a368bca29578d0e0487dbbf&)\n**Imagem 4:** [suwio_Skin_de_Minecraft___NameMC_-_Google_Chrome_12_01_2026_18_41_13_2.png](https://cdn.discordapp.com/attachments/1460382636039082131/1460388522350481640/suwio_Skin_de_Minecraft___NameMC_-_Google_Chrome_12_01_2026_18_41_13_2.png?ex=6966bc4c&is=69656acc&hm=fb89a6969c03338432fa6422e04b2fc5e1c733975168d402ac454235adbad846&)\n**Imagem 5:** [suwio_Skin_de_Minecraft___NameMC_-_Google_Chrome_12_01_2026_18_41_22_2.png](https://cdn.discordapp.com/attachments/1460382636039082131/1460388523000467708/suwio_Skin_de_Minecraft___NameMC_-_Google_Chrome_12_01_2026_18_41_22_2.png?ex=6966bc4c&is=69656acc&hm=292d79987b1852d8f76ea9dd3ac6eb6f1cd1340744b8e5578aa0734b86e770b5&)"
    },
    "timestamp": "2026-01-12T18:42:37.504475",
    "status": "pending"
  },
  "1460390273073942717": {
    "user_id": 420656617827336202,
    "message_id": 1460390273073942717,
    "channel_id": 1413115396218683473,
    "form_data": {
      "📝 Qual é o seu nome completo?": "Amanda Franco Valadares",
      "🎂 Quantos anos você tem na vida real?": "21 anos",
      "🎮 Qual seu nickname no minecraft?": "Aaemey",
      "👤 Como será o nome do seu personagem?": "Adhara Viefz",
      "🎭 Qual será a idade do seu personagem?": "22 anos",
      "🧬 Qual será a raça do personagem?": "Goblin",
      "📖 Envie um arquivo com a história do seu personagem": "[Ficha_Veldan_RP_-_Adhara_.pdf](https://cdn.discordapp.com/attachments/1460388586489905275/1460389643773284422/Ficha_Veldan_RP_-_Adhara_.pdf?ex=6966bd57&is=69656bd7&hm=d672dbbde928c9d4f42832c7b7a7182d7d4d922cb1975b11b6bf44c2fcfe66e8&)",
      "📸 Fotos do seu modelo e skin 64": "**Imagem 1:** [image.png](https://cdn.discordapp.com/attachments/1460388586489905275/1460390270305833094/image.png?ex=6966bded&is=69656c6d&hm=921be944bdd5ae43d70c4d941d64716039fe71bd78e6b24b87cb61a96e07e2c2&)\n**Imagem 2:** [image.png](https://cdn.discordapp.com/attachments/1460388586489905275/1460390270636916950/image.png?ex=6966bded&is=69656c6d&hm=f693ac642d2ff4d5611d1073d9fcca9e5a470b5971af8a10b08024511c3b7f74&)\n**Imagem 3:** [image.png](https://cdn.discordapp.com/attachments/1460388586489905275/1460390271022923776/image.png?ex=6966bded&is=69656c6d&hm=b4aecd79edbf56b5564ee610b1c6307831c6133fcf854e2f6d0c44642f5da14a&)"
    },
    "timestamp": "2026-01-12T18:49:34.155830",
    "status": "pending"
  },
  "1460393608690798673": {
    "user_id": 1216587157372665886,
    "message_id": 1460393608690798673,
    "channel_id": 1413115396218683473,
    "form_data": {
      "📝 Qual é o seu nome completo?": "Gabriel G. Bastos",
      "🎂 Quantos anos você tem na vida real?": "17",
      "🎮 Qual seu nickname no minecraft?": "biel74487gg",
      "👤 Como será o nome do seu personagem?": "Otto Krieger",
      "🎭 Qual será a idade do seu personagem?": "18",
      "🧬 Qual será a raça do personagem?": "Draconato",
      "📖 Envie um arquivo com a história do seu personagem": "[Historia-Otto-Krieger_-o-draconato.pdf](https://cdn.discordapp.com/attachments/1460368097256013895/1460393004333531341/Historia-Otto-Krieger_-o-draconato.pdf?ex=6966c079&is=69656ef9&hm=39d3cb0f01f849c29c63764df07d61688a69561fbf36ac971c5f1e8edfa66338&)",
      "📸 Fotos do seu modelo e skin 64": "**Imagem 1:** [Capturar.PNG](https://cdn.discordapp.com/attachments/1460368097256013895/1460393601908609129/Capturar.PNG?ex=6966c107&is=69656f87&hm=476afd25b98a9764ca0172d89886a1be0c35de6337e336e3ba9a2985134a2d26&)\n**Imagem 2:** [4669294fbd2df7b0.png](https://cdn.discordapp.com/attachments/1460368097256013895/1460393602692939826/4669294fbd2df7b0.png?ex=6966c107&is=69656f87&hm=52a840d970d98639313f3e98446aebf71dcdd450e2b3bd59412914ca83aca652&)"
    },
    "timestamp": "2026-01-12T19:02:49.234101",
    "status": "pending"
  },
  "1460400534706982943": {
    "user_id": 1376337288509915167,
    "message_id": 1460400534706982943,
    "channel_id": 1413115396218683473,
    "form_data": {
      "📝 Qual é o seu nome completo?": "Pedro Henrique Lopes de Oliveira",
      "🎂 Quantos anos você tem na vida real?": "16",
      "🎮 Qual seu nickname no minecraft?": "phzzinn19",
      "👤 Como será o nome do seu personagem?": "Manuele",
      "🎭 Qual será a idade do seu personagem?": "18",
      "🧬 Qual será a raça do personagem?": "Elfo",
      "📖 Envie um arquivo com a história do seu personagem": "[historia_da_manuele.pdf](https://cdn.discordapp.com/attachments/1460392697608142862/1460399699910463781/historia_da_manuele.pdf?ex=6966c6b5&is=69657535&hm=a4bfb0ece9e99876eee0c0519d0c281f7c7f528c82fe1654f9bc628c7daf0afd&)",
      "📸 Fotos do seu modelo e skin 64": "**Imagem 1:** [outro_lado.png](https://cdn.discordapp.com/attachments/1460392697608142862/1460400529569218795/outro_lado.png?ex=6966c77b&is=696575fb&hm=0150c963de4c40b16d224bed4b966f9efe36ae98698fff5659f5d01649615984&)\n**Imagem 2:** [costas.png](https://cdn.discordapp.com/attachments/1460392697608142862/1460400530135318558/costas.png?ex=6966c77b&is=696575fb&hm=42d5bdb9883653d653319a251ec00f544ab20fa23dfede509d01b19fae778836&)\n**Imagem 3:** [lado.png](https://cdn.discordapp.com/attachments/1460392697608142862/1460400530609279037/lado.png?ex=6966c77b&is=696575fb&hm=b479569cfbe3d3b157aed0183b0a3111c2399effe9313152371a7368d412a304&)\n**Imagem 4:** [frente.png](https://cdn.discordapp.com/attachments/1460392697608142862/1460400531326500956/frente.png?ex=6966c77b&is=696575fb&hm=550ced55e9c537415ca7f03ef57f8c8dfb0a2454b8cacc9459d6faf9f775ec1e&)\n**Imagem 5:** [manuele.png](https://cdn.discordapp.com/attachments/1460392697608142862/1460400531854852096/manuele.png?ex=6966c77b&is=696575fb&hm=18ef3af302338429f366f0a8f38c5cd47d3e7a35310681c44da77cc27b2fd429&)"
    },
    "timestamp": "2026-01-12T19:30:20.825682",
    "status": "pending"
  },
  "1460402907965821080": {
    "user_id": 935158516900040734,
    "message_id": 1460402907965821080,
    "channel_id": 1413115396218683473,
    "form_data": {
      "📝 Qual é o seu nome completo?": "Cauã Victor Monteiro",
      "🎂 Quantos anos você tem na vida real?": "16",
      "🎮 Qual seu nickname no minecraft?": "VoidReap187",
      "👤 Como será o nome do seu personagem?": "Void",
      "🎭 Qual será a idade do seu personagem?": "18",
      "🧬 Qual será a raça do personagem?": "Tiefling",
      "📖 Envie um arquivo com a história do seu personagem": "[historia_de_Void.pdf](https://cdn.discordapp.com/attachments/1459588749586595862/1460402828534087712/historia_de_Void.pdf?ex=6966c99f&is=6965781f&hm=c697e6ebc31af726a434d03ca232b6b165a590d1733293247052e79344a080df&)",
      "📸 Fotos do seu modelo e skin 64": "**Imagem 1:** [Captura_de_tela_2026-01-10_211827.jpg](https://cdn.discordapp.com/attachments/1459588749586595862/1460402903410802851/Captura_de_tela_2026-01-10_211827.jpg?ex=6966c9b1&is=69657831&hm=e4fc2ec9c57df3d9c1b7be9902dcde700981ebb3e87930140df0eb5c5b4f1ecd&)\n**Imagem 2:** [Captura_de_tela_2026-01-10_211856.jpg](https://cdn.discordapp.com/attachments/1459588749586595862/1460402903905996850/Captura_de_tela_2026-01-10_211856.jpg?ex=6966c9b1&is=69657831&hm=f5a41082671e526a67d9a729a4bbc5e39a1f921cb13dee14f728457e6c2d6790&)\n**Imagem 3:** [Captura_de_tela_2026-01-10_211945.jpg](https://cdn.discordapp.com/attachments/1459588749586595862/1460402904182816949/Captura_de_tela_2026-01-10_211945.jpg?ex=6966c9b1&is=69657831&hm=3f257f73f35214d45e14365799e6b7a7e3910701590ad8ac151c1bc94dac9fe4&)\n**Imagem 4:** [Captura_de_tela_2026-01-10_211652.jpg](https://cdn.discordapp.com/attachments/1459588749586595862/1460402904601989327/Captura_de_tela_2026-01-10_211652.jpg?ex=6966c9b1&is=69657831&hm=a1bcb07d6cd81ed192d12b1e6b8b005d4886ee1ac422d5f9a901fab7f2b33277&)\n**Imagem 5:** [Captura_de_tela_2026-01-10_211723.jpg](https://cdn.discordapp.com/attachments/1459588749586595862/1460402904879075551/Captura_de_tela_2026-01-10_211723.jpg?ex=6966c9b1&is=69657831&hm=db72c4ed7a7b1c3aee091c0d7741dedd2d983bf250510627d639c193589ba0e5&)"
    },
    "timestamp": "2026-01-12T19:39:46.646564",
    "status": "pending"
  },
  "1460416803044982978": {
    "user_id": 650367572545634306,
    "message_id": 1460416803044982978,
    "channel_id": 1413115396218683473,
    "form_data": {
      "📝 Qual é o seu nome completo?": "Mariana Balta",
      "🎂 Quantos anos você tem na vida real?": "23 anos",
      "🎮 Qual seu nickname no minecraft?": "NottNeko",
      "👤 Como será o nome do seu personagem?": "Seraphine Noctivar Altharys",
      "🎭 Qual será a idade do seu personagem?": "24 anos",
      "🧬 Qual será a raça do personagem?": "Tiefling",
      "📖 Envie um arquivo com a história do seu personagem": "[Seraphine_Noctivar_Altharys.pdf](https://cdn.discordapp.com/attachments/1460413383156305971/1460415687427362847/Seraphine_Noctivar_Altharys.pdf?ex=6966d599&is=69658419&hm=0768ac103a07090797705c12c6259caa98ffd5231cbd5a6f52f4298bff5459bd&)",
      "📸 Fotos do seu modelo e skin 64": "**Imagem 1:** [seraphyneaaaaapng.png](https://cdn.discordapp.com/attachments/1460413383156305971/1460416800062967879/seraphyneaaaaapng.png?ex=6966d6a2&is=69658522&hm=2d4d8e7afcf8bd4dfd20825aa1391fa3e5a2d5ab81f7e4f4e3c9ace96f023a83&)\n**Imagem 2:** [image.png](https://cdn.discordapp.com/attachments/1460413383156305971/1460416800490524825/image.png?ex=6966d6a2&is=69658522&hm=cde873ef504929f1d32289a27bbb652af94460bb03104d72a3f4e0160398160b&)\n**Imagem 3:** [image.png](https://cdn.discordapp.com/attachments/1460413383156305971/1460416800868274300/image.png?ex=6966d6a2&is=69658522&hm=b8940cc9f9e410a0f0d8d30a67e95d5b97fd698cd314aa421bc1af8bbd5c8348&)"
    },
    "timestamp": "2026-01-12T20:34:59.189300",
    "status": "pending"
  },
  "1460420462084489349": {
    "user_id": 1112866367016816680,
    "message_id": 1460420462084489349,
    "channel_id": 1413115396218683473,
    "form_data": {
      "📝 Qual é o seu nome completo?": "Andrey Bacelar da Cruz",
      "🎂 Quantos anos você tem na vida real?": "18",
      "🎮 Qual seu nickname no minecraft?": "Itz_Ady0",
      "👤 Como será o nome do seu personagem?": "Vivian Nostradamus",
      "🎭 Qual será a idade do seu personagem?": "21",
      "🧬 Qual será a raça do personagem?": "Humano",
      "📖 Envie um arquivo com a história do seu personagem": "[Historia_de_Vivian_Nostradamus.pdf](https://cdn.discordapp.com/attachments/1460371736305336474/1460420239316619264/Historia_de_Vivian_Nostradamus.pdf?ex=6966d9d6&is=69658856&hm=ffd9fe69838e845cf7588374b25f1e0bdc205f39ddb45f79a28bf2dce361305b&)",
      "📸 Fotos do seu modelo e skin 64": "**Imagem 1:** [VivianNostradamusCM.png](https://cdn.discordapp.com/attachments/1460371736305336474/1460420459404333183/VivianNostradamusCM.png?ex=6966da0a&is=6965888a&hm=bda7696d811930db0cc6aab552680ff4079a4d0d6d3b8e22d7c1f56a67430b23&)\n**Imagem 2:** [VivianNostradamusSM.png](https://cdn.discordapp.com/attachments/1460371736305336474/1460420459798466643/VivianNostradamusSM.png?ex=6966da0a&is=6965888a&hm=0bf659da8b464ec99431802d78eb3b7e7e156f06b69e5e1dbd966f1b49e4a10f&)"
    },
    "timestamp": "2026-01-12T20:49:31.601565",
    "status": "pending"
  },
  "1460422279346258042": {
    "user_id": 1084983907490996224,
    "message_id": 1460422279346258042,
    "channel_id": 1413115396218683473,
    "form_data": {
      "📝 Qual é o seu nome completo?": "Lucas Andre Guimaraes Grigorio",
      "🎂 Quantos anos você tem na vida real?": "21",
      "🎮 Qual seu nickname no minecraft?": "Aldeao6383",
      "👤 Como será o nome do seu personagem?": "Ragnar",
      "🎭 Qual será a idade do seu personagem?": "22",
      "🧬 Qual será a raça do personagem?": "Draconato",
      "📖 Envie um arquivo com a história do seu personagem": "[e33010c916ea27aa.png](https://cdn.discordapp.com/attachments/1459730176404623475/1460422005198422216/e33010c916ea27aa.png?ex=6966db7b&is=696589fb&hm=49078676d54223383c7f69a2682110096a9572ce21a66fd75e1cc3b5994820e1&)",
      "📸 Fotos do seu modelo e skin 64": "**Imagem 1:** [image.png](https://cdn.discordapp.com/attachments/1459730176404623475/1460422275894608003/image.png?ex=6966dbbb&is=69658a3b&hm=9e1fdf2fa2318f26247d10be25dbede6f72934f8319eaf3c68b272fd1d965098&)"
    },
    "timestamp": "2026-01-12T20:56:44.949205",
    "status": "pending"
  },
  "1460422515531841588": {
    "user_id": 875925573166333982,
    "message_id": 1460422515531841588,
    "channel_id": 1413115396218683473,
    "form_data": {
      "📝 Qual é o seu nome completo?": "Noah Lacerda",
      "🎂 Quantos anos você tem na vida real?": "15",
      "🎮 Qual seu nickname no minecraft?": "noahzin01",
      "👤 Como será o nome do seu personagem?": "Ryan",
      "🎭 Qual será a idade do seu personagem?": "22",
      "🧬 Qual será a raça do personagem?": "Humano",
      "📖 Envie um arquivo com a história do seu personagem": "[Documento_sem_titulo.pdf](https://cdn.discordapp.com/attachments/1460409584731689071/1460420051390955520/Documento_sem_titulo.pdf?ex=6966d9a9&is=69658829&hm=0f56ed4b2aa89ec12eb3771e8e6fb70bb2dbbc6243736f876ba5451be0e88da2&)",
      "📸 Fotos do seu modelo e skin 64": "**Imagem 1:** [body.png](https://cdn.discordapp.com/attachments/1460409584731689071/1460422511941521490/body.png?ex=6966dbf4&is=69658a74&hm=055e943a1b96a4d56e1a413a39c1c30bdaad902dab69df4aae452dba113fb6ed&)"
    },
    "timestamp": "2026-01-12T20:57:41.190261",
    "status": "pending"
  },
  "1460427286393262236": {
    "user_id": 979508849553838141,
    "message_id": 1460427286393262236,
    "channel_id": 1413115396218683473,
    "form_data": {
      "📝 Qual é o seu nome completo?": "Airon Aiko",
      "🎂 Quantos anos você tem na vida real?": "21",
      "🎮 Qual seu nickname no minecraft?": "Airon_Aiko",
      "👤 Como será o nome do seu personagem?": "Alencar Khinen",
      "🎭 Qual será a idade do seu personagem?": "26",
      "🧬 Qual será a raça do personagem?": "Humano",
      "📖 Envie um arquivo com a história do seu personagem": "[Alencar_Khinen.pdf](https://cdn.discordapp.com/attachments/1459787058569675024/1460427093409009795/Alencar_Khinen.pdf?ex=6966e038&is=69658eb8&hm=0fb4a1ec0fca274effb229b368457d04f7eada1407a245c7914da6344915a7b9&)",
      "📸 Fotos do seu modelo e skin 64": "**Imagem 1:** [body.png](https://cdn.discordapp.com/attachments/1459787058569675024/1460427282828234921/body.png?ex=6966e065&is=69658ee5&hm=a564d2e05908e5c858c248a06a97371865acfcd8524cb1a2f99a622d6a0cb9e6&)\n**Imagem 2:** [body_1.png](https://cdn.discordapp.com/attachments/1459787058569675024/1460427283172163687/body_1.png?ex=6966e065&is=69658ee5&hm=0c50d398eba3be8757175c75a4ac67d297cbf54318674d32a306cec6c7269035&)\n**Imagem 3:** [body_2.png](https://cdn.discordapp.com/attachments/1459787058569675024/1460427283507576862/body_2.png?ex=6966e065&is=69658ee5&hm=33cfbad95cda789417380acf57e1184404318031b6de40a3b8bc57d86d5c9e43&)"
    },
    "timestamp": "2026-01-12T21:16:38.708973",
    "status": "pending"
  },
  "1460455405464588322": {
    "user_id": 825893742854406164,
    "message_id": 1460455405464588322,
    "channel_id": 1413115396218683473,
    "form_data": {
      "📝 Qual é o seu nome completo?": "Guilherme Victor Almeida Viana",
      "🎂 Quantos anos você tem na vida real?": "18",
      "🎮 Qual seu nickname no minecraft?": "pinikito",
      "👤 Como será o nome do seu personagem?": "Rankai",
      "🎭 Qual será a idade do seu personagem?": "19",
      "🧬 Qual será a raça do personagem?": "Feral",
      "📖 Envie um arquivo com a história do seu personagem": "[Rankai_historia.pdf](https://cdn.discordapp.com/attachments/1460436107677270159/1460455254259663061/Rankai_historia.pdf?ex=6966fa72&is=6965a8f2&hm=2711478f0e1df74ecd3076bf7c4360f2aa4e853cd0f39be72f134c3d648582e7&)",
      "📸 Fotos do seu modelo e skin 64": "**Imagem 1:** [Captura_de_tela_2026-01-12_230133.png](https://cdn.discordapp.com/attachments/1460436107677270159/1460455400867369010/Captura_de_tela_2026-01-12_230133.png?ex=6966fa95&is=6965a915&hm=44a61ffb8d44aae4c058bd7ccc4fb6af8666623d786cc98ddf8c29c132f9afa6&)\n**Imagem 2:** [Captura_de_tela_2026-01-12_230215.png](https://cdn.discordapp.com/attachments/1460436107677270159/1460455401186263226/Captura_de_tela_2026-01-12_230215.png?ex=6966fa95&is=6965a915&hm=83295c3ba18a2f704830f8d39077a15da6814f48269f1f6ab28e7902a8e19be2&)\n**Imagem 3:** [Captura_de_tela_2026-01-12_230357.png](https://cdn.discordapp.com/attachments/1460436107677270159/1460455401618407434/Captura_de_tela_2026-01-12_230357.png?ex=6966fa95&is=6965a915&hm=f10573de0b3a7ec1aa1f89631a9f46b12de6159c87239ef05641169d922d762c&)\n**Imagem 4:** [Captura_de_tela_2026-01-12_230431.png](https://cdn.discordapp.com/attachments/1460436107677270159/1460455402218062057/Captura_de_tela_2026-01-12_230431.png?ex=6966fa95&is=6965a915&hm=26b88356756d287d00772b9df30d7b582f88b13612514e037d5bf6f0a1ba30c2&)"
    },
    "timestamp": "2026-01-12T23:08:22.917689",
    "status": "pending"
  },
  "1460486094687830153": {
    "user_id": 636363742262853652,
    "message_id": 1460486094687830153,
    "channel_id": 1413115396218683473,
    "form_data": {
      "📝 Qual é o seu nome completo?": "Miguel Sakai",
      "🎂 Quantos anos você tem na vida real?": "18",
      "🎮 Qual seu nickname no minecraft?": "ChinLuke",
      "👤 Como será o nome do seu personagem?": "Zenith",
      "🎭 Qual será a idade do seu personagem?": "17",
      "🧬 Qual será a raça do personagem?": "Carapaça",
      "📖 Envie um arquivo com a história do seu personagem": "[Historia_de_Zenith.pdf](https://cdn.discordapp.com/attachments/1460461755267416185/1460486038039433226/Historia_de_Zenith.pdf?ex=6967171d&is=6965c59d&hm=e37d147fd2a5eecb59aebd7580db5587c5bed7a4169c2380dc0870c9849de62e&)",
      "📸 Fotos do seu modelo e skin 64": "**Imagem 1:** [ChinLuke.png](https://cdn.discordapp.com/attachments/1460461755267416185/1460486092988874925/ChinLuke.png?ex=6967172b&is=6965c5ab&hm=00ebb8d41109589527c6ef9d6dfb47f725694a2ed6822f96a87fd712459ef111&)"
    },
    "timestamp": "2026-01-13T01:10:19.698728",
    "status": "pending"
  },
  "1460492185827934385": {
    "user_id": 745986062429585430,
    "message_id": 1460492185827934385,
    "channel_id": 1413115396218683473,
    "form_data": {
      "📝 Qual é o seu nome completo?": "Augusto César Schott Moreira",
      "🎂 Quantos anos você tem na vida real?": "16",
      "🎮 Qual seu nickname no minecraft?": "Gut0___",
      "👤 Como será o nome do seu personagem?": "Orion Cromus",
      "🎭 Qual será a idade do seu personagem?": "420",
      "🧬 Qual será a raça do personagem?": "Elfo",
      "📖 Envie um arquivo com a história do seu personagem": "[Lore_Veldan_-_Orion_1.pdf](https://cdn.discordapp.com/attachments/1457258408007700512/1460490865884663900/Lore_Veldan_-_Orion_1.pdf?ex=69671b9d&is=6965ca1d&hm=942d9bbb4a39d91e2d075b0e51c6f33286cf74de29897f5a01e100ee44ebcd95&)",
      "📸 Fotos do seu modelo e skin 64": "**Imagem 1:** [OrionVeldan_2.png](https://cdn.discordapp.com/attachments/1457258408007700512/1460492183382659132/OrionVeldan_2.png?ex=69671cd7&is=6965cb57&hm=4b1d4b961c506ec64c5e73fe9a966ec0ed58c70dcd5701c140f0b8609355df2d&)"
    },
    "timestamp": "2026-01-13T01:34:31.921610",
    "status": "pending"
  },
  "1460497513827270813": {
    "user_id": 979088270652764220,
    "message_id": 1460497513827270813,
    "channel_id": 1413115396218683473,
    "form_data": {
      "📝 Qual é o seu nome completo?": "Nikolas Tadeu de Lima Aguiar",
      "🎂 Quantos anos você tem na vida real?": "22",
      "🎮 Qual seu nickname no minecraft?": "zMoby",
      "👤 Como será o nome do seu personagem?": "Moby Dick",
      "🎭 Qual será a idade do seu personagem?": "22",
      "🧬 Qual será a raça do personagem?": "Humano",
      "📖 Envie um arquivo com a história do seu personagem": "[Moby_Dick.txt](https://cdn.discordapp.com/attachments/1460495901389750354/1460497298659213484/Moby_Dick.txt?ex=6967219a&is=6965d01a&hm=985ef233d30da033d880a77ceea59a1bdbbbc4854ff9c4589e9319d081891a79&)",
      "📸 Fotos do seu modelo e skin 64": "**Imagem 1:** [image.png](https://cdn.discordapp.com/attachments/1460495901389750354/1460497511591706708/image.png?ex=696721cd&is=6965d04d&hm=7434c2cb6a0a28be5829e1318ed5b01b981d99abb3b30aa951ebae1c32973d5a&)"
    },
    "timestamp": "2026-01-13T01:55:42.266299",
    "status": "pending"
  },
  "1460532484612685987": {
    "user_id": 694487834819821578,
    "message_id": 1460532484612685987,
    "channel_id": 1413115396218683473,
    "form_data": {
      "📝 Qual é o seu nome completo?": "Wendrel Henrique Vicente Martins costa",
      "🎂 Quantos anos você tem na vida real?": "16",
      "🎮 Qual seu nickname no minecraft?": "wendyhv",
      "👤 Como será o nome do seu personagem?": "Wendy",
      "🎭 Qual será a idade do seu personagem?": "18",
      "🧬 Qual será a raça do personagem?": "Humano",
      "📖 Envie um arquivo com a história do seu personagem": "[lore.docx](https://cdn.discordapp.com/attachments/1460529542518280235/1460530908158230548/lore.docx?ex=696740e7&is=6965ef67&hm=bfb9a1ef37ca9ed66af6c31a567613f2b0acb4fe8b06e4ef25b820dc18220ec5&)",
      "📸 Fotos do seu modelo e skin 64": "**Imagem 1:** [juzou-1525818247.png](https://cdn.discordapp.com/attachments/1460529542518280235/1460532482519597215/juzou-1525818247.png?ex=6967425f&is=6965f0df&hm=0b66ff07b629e7c8e0e0276d1ef146c963b8ff7287a650fd9bd35ec48dabe3bd&)"
    },
    "timestamp": "2026-01-13T04:14:39.854406",
    "status": "pending"
  },
  "1460655759934361727": {
    "user_id": 650372755035914291,
    "message_id": 1460655759934361727,
    "channel_id": 1413115396218683473,
    "form_data": {
      "📝 Qual é o seu nome completo?": "Marcus Vinícius dos Santos",
      "🎂 Quantos anos você tem na vida real?": "18",
      "🎮 Qual seu nickname no minecraft?": "JoãoVictor12205",
      "👤 Como será o nome do seu personagem?": "Makiel Homunus",
      "🎭 Qual será a idade do seu personagem?": "20",
      "🧬 Qual será a raça do personagem?": "Humano",
      "📖 Envie um arquivo com a história do seu personagem": "[Makiel_Homunus.pdf](https://cdn.discordapp.com/attachments/1460644352199102631/1460655343653617858/Makiel_Homunus.pdf?ex=6967b4cb&is=6966634b&hm=91ca62d1d4b153639abac13c0a32bb27b4d69d8b98e9fbc046385a54127d0e1d&)",
      "📸 Fotos do seu modelo e skin 64": "**Imagem 1:** [24040b2ef8a1fb85.png](https://cdn.discordapp.com/attachments/1460644352199102631/1460655754863444182/24040b2ef8a1fb85.png?ex=6967b52d&is=696663ad&hm=59039c132539250c29f3e86b5e492b1a77f663830e325048292241140afe7adc&)"
    },
    "timestamp": "2026-01-13T12:24:31.023542",
    "status": "pending"
  },
  "1460657511928565987": {
    "user_id": 831435921513250826,
    "message_id": 1460657511928565987,
    "channel_id": 1413115396218683473,
    "form_data": {
      "📝 Qual é o seu nome completo?": "Jihye Hanna Botelho Alves",
      "🎂 Quantos anos você tem na vida real?": "26 anos",
      "🎮 Qual seu nickname no minecraft?": "Bella_tgr",
      "👤 Como será o nome do seu personagem?": "Mey-jinn",
      "🎭 Qual será a idade do seu personagem?": "126 anos.",
      "🧬 Qual será a raça do personagem?": "Elfo",
      "📖 Envie um arquivo com a história do seu personagem": "[Mey_Jinn_Liu_Yaamato___Lore_1.pdf](https://cdn.discordapp.com/attachments/1460655928432132267/1460657366256193809/Mey_Jinn_Liu_Yaamato___Lore_1.pdf?ex=6967b6ad&is=6966652d&hm=eb286819d6b20676762d5e097bd7362ded60e13cac299e5acba1597d98642f03&)",
      "📸 Fotos do seu modelo e skin 64": "**Imagem 1:** [image-11.png](https://cdn.discordapp.com/attachments/1460655928432132267/1460657509311189117/image-11.png?ex=6967b6cf&is=6966654f&hm=20e0551688ea5df418c1365556c9bbf048617d5760b81f0b63ab029889ec954e&)\n**Imagem 2:** [image-13.png](https://cdn.discordapp.com/attachments/1460655928432132267/1460657509676220446/image-13.png?ex=6967b6d0&is=69666550&hm=34921850b4ed6abbf6bfbc0433b98c70c10cc32c4653492e6fdf0ca2579eed84&)"
    },
    "timestamp": "2026-01-13T12:31:28.754482",
    "status": "pending"
  },
  "1460822129938272338": {
    "user_id": 1105465026665529356,
    "message_id": 1460822129938272338,
    "channel_id": 1413115396218683473,
    "form_data": {
      "📝 Qual é o seu nome completo?": "Sophia Dias ferreira",
      "🎂 Quantos anos você tem na vida real?": "16",
      "🎮 Qual seu nickname no minecraft?": "Sopa7177",
      "👤 Como será o nome do seu personagem?": "Safira",
      "🎭 Qual será a idade do seu personagem?": "Mais de 150 anos",
      "🧬 Qual será a raça do personagem?": "Elfo",
      "📖 Envie um arquivo com a história do seu personagem": "[historia_safira.pdf](https://cdn.discordapp.com/attachments/1460795967514214414/1460821937335828560/historia_safira.pdf?ex=69684ff2&is=6966fe72&hm=7931d012c2118b9498053da8696e7eeb07490689d602091f6fce673bb5b6a4e6&)",
      "📸 Fotos do seu modelo e skin 64": "**Imagem 1:** [5fd7c0beb5ad38cb.png](https://cdn.discordapp.com/attachments/1460795967514214414/1460822127744647303/5fd7c0beb5ad38cb.png?ex=69685020&is=6966fea0&hm=4d84325f0d11c7366cb93353e209c0ec0ddb8d6909fcb8379f159ae165e36329&)"
    },
    "timestamp": "2026-01-13T23:25:36.690313",
    "status": "pending"
  },
  "1460823763615744071": {
    "user_id": 510800666092896257,
    "message_id": 1460823763615744071,
    "channel_id": 1413115396218683473,
    "form_data": {
      "📝 Qual é o seu nome completo?": "Ana Érika Moreno Ferreira",
      "🎂 Quantos anos você tem na vida real?": "22",
      "🎮 Qual seu nickname no minecraft?": "PikoleDeUva",
      "👤 Como será o nome do seu personagem?": "Zasthia",
      "🎭 Qual será a idade do seu personagem?": "22",
      "🧬 Qual será a raça do personagem?": "Fada",
      "📖 Envie um arquivo com a história do seu personagem": "[Historia_de_Zasthia.pdf](https://cdn.discordapp.com/attachments/1460751093045919898/1460823487307579487/Historia_de_Zasthia.pdf?ex=69685164&is=6966ffe4&hm=d40b139e0c37d880e4e1448863a76e02d950a8a7689cd0537daec31545de2daf&)",
      "📸 Fotos do seu modelo e skin 64": "**Imagem 1:** [image.png](https://cdn.discordapp.com/attachments/1460751093045919898/1460823759199146095/image.png?ex=696851a4&is=69670024&hm=3bdfd6bd1daa80a439215bd842bcf0d9d038767fc2c2ebe939af39c9fea2c71f&)\n**Imagem 2:** [image.png](https://cdn.discordapp.com/attachments/1460751093045919898/1460823759559590060/image.png?ex=696851a5&is=69670025&hm=174f21713f6a920a80559bcb10355d9576e8a0cde3af167e060145feaee6d506&)\n**Imagem 3:** [image.png](https://cdn.discordapp.com/attachments/1460751093045919898/1460823760067104798/image.png?ex=696851a5&is=69670025&hm=7e2a0c5e558486c41415b1890eb5baaa2f174de8c1aabf712795e53929ed05da&)\n**Imagem 4:** [image.png](https://cdn.discordapp.com/attachments/1460751093045919898/1460823760344059957/image.png?ex=696851a5&is=69670025&hm=4f792f676e9ed36c9805fc41b1f56a6a791f9eec351768100230701add196038&)\n**Imagem 5:** [Com_asa.png](https://cdn.discordapp.com/attachments/1460751093045919898/1460823760692056187/Com_asa.png?ex=696851a5&is=69670025&hm=d2208db57e0e21018a355e03f1642b86741f6f647e4e0f20c17efabaf5237a51&)"
    },
    "timestamp": "2026-01-13T23:32:06.158959",
    "status": "pending"
  }
}